player_id,player_name,games_p1,games_p2,bb_score_p1,bb_score_p2,tear2_p1,tear2_p2,tear3_p1,tear3_p2,tear4_p1,tear4_p2,tear5_p1,tear5_p2,longest_tear_p1,longest_tear_p2,boom_rate_p1,boom_rate_p2,best_week_p1,best_week_p2,top3_avg_p1,top3_avg_p2,iv_p1,iv_p2,iv_tier_p1,iv_tier_p2,mean_week_p1,mean_week_p2,std_week_p1,std_week_p2,useful_pct_p1,useful_pct_p2,useful_ppw_p1,useful_ppw_p2,bb_change,tear_profile_p1,tear_profile_p2,boom_profile_p1
663554,Casey Mize,13,15,50.06,30.36,7.69,0.0,0.0,0.0,0.0,0.0,0.0,0.0,2,0,15.384615384615385,13.333333333333334,49.650000000000006,44.9,42.73333333333333,40.949999999999996,1.7658740782240376,2.0614536543252737,Gamma,Nuclear,27.14230769230769,21.15,12.78434664856868,15.032286680912616,9.090909090909092,0.0,49.650000000000006,0.0,-19.700000000000003,No Tears,No Tears,Elite (15%+)
808967,Yoshinobu Yamamoto,15,15,49.37,54.21,6.67,6.67,0.0,6.67,0.0,0.0,0.0,0.0,2,3,13.333333333333334,13.333333333333334,56.45,67.05000000000001,50.416666666666664,60.78333333333334,2.2236596274599383,2.5805596263965147,Nuclear,Nuclear,27.596666666666668,36.400000000000006,16.098563230774293,18.81764939017168,14.285714285714285,14.285714285714285,46.6,46.550000000000004,4.840000000000003,No Tears,Moderate (5-15),High (10-15%)
675848,Juan Mejia,19,36,19.12,23.19,0.0,11.11,0.0,5.56,0.0,2.78,0.0,2.78,0,5,10.526315789473683,11.11111111111111,22.05,28.65,21.7,23.416666666666668,0.9005977410231017,0.8867415305690189,Low-Vol,Low-Vol,10.455263157894738,8.745833333333332,6.520030988696853,6.466190918925918,0.0,0.0,0.0,0.0,4.07,No Tears,Moderate (5-15),High (10-15%)
663559,Bailey Falter,16,10,44.65,26.11,6.25,0.0,0.0,0.0,0.0,0.0,0.0,0.0,2,0,12.5,10.0,44.45,32.15,38.38333333333333,21.5,1.6801856388577092,1.4386480647543303,Gamma,High-IV,20.65,9.765,12.163990573272683,10.490737978490042,7.6923076923076925,0.0,44.45,0.0,-18.54,No Tears,No Tears,High (10-15%)
669711,Greg Weissert,38,34,17.11,18.41,5.26,5.88,2.63,0.0,0.0,0.0,0.0,0.0,3,2,10.526315789473683,11.76470588235294,18.65,17.55,17.55,17.099999999999998,0.6653376665483743,0.8212089651473469,Low-Vol,Low-Vol,9.246052631578948,7.069117647058824,4.816825544015413,5.988322154674379,0.0,0.0,0.0,0.0,1.3000000000000007,Low (0-5),No Tears,High (10-15%)
622608,Antonio Senzatela,16,14,28.65,27.81,6.25,0.0,0.0,0.0,0.0,0.0,0.0,0.0,2,0,12.5,14.285714285714285,30.65,18.15,22.516666666666666,15.616666666666667,1.4189903782669442,1.3630227867587104,High-IV,High-IV,5.999999999999999,7.7250000000000005,10.273022924144577,9.939272338324603,0.0,0.0,0.0,0.0,-0.8399999999999999,No Tears,No Tears,High (10-15%)
663568,Stephen Kolek,9,10,45.54,34.47,0.0,10.0,0.0,10.0,0.0,0.0,0.0,0.0,0,3,11.11111111111111,10.0,42.9,38.150000000000006,36.349999999999994,31.11666666666667,1.6261403314621994,1.6413362735944732,Gamma,Gamma,22.77777777777778,17.764999999999997,11.772720350218313,11.968756781257147,14.285714285714285,0.0,42.9,0.0,-11.07,No Tears,Moderate (5-15),High (10-15%)
663574,Tony Santillan,37,43,28.09,18.24,10.81,4.65,5.41,2.33,2.7,0.0,0.0,0.0,4,3,16.216216216216218,11.627906976744185,17.65,22.1,17.099999999999998,20.099999999999998,0.9734198751810091,0.6806646999859916,Low-Vol,Low-Vol,8.144594594594594,10.38139534883721,7.047239252436452,4.96346201249709,0.0,0.0,0.0,0.0,-9.850000000000001,Moderate (5-15),Low (0-5),Elite (15%+)
694297,Brandon Pfaadt,16,17,33.59,43.11,6.25,5.88,6.25,0.0,0.0,0.0,0.0,0.0,3,2,12.5,11.76470588235294,42.0,42.55,35.050000000000004,39.06666666666666,2.5055321522956513,1.517247008890134,Nuclear,High-IV,17.265625,22.035294117647055,18.139227461958424,11.063887832520185,0.0,7.6923076923076925,0.0,42.55,9.519999999999996,Moderate (5-15),No Tears,High (10-15%)
669724,Brenan Hanifee,34,20,18.33,13.32,8.82,10.0,0.0,0.0,0.0,0.0,0.0,0.0,2,2,11.76470588235294,10.0,21.5,12.3,18.28333333333333,11.183333333333335,0.795072984636833,0.49326942539389196,Low-Vol,Low-Vol,7.17794117647059,5.687500000000001,5.756066512246417,3.5969605224411345,0.0,0.0,0.0,0.0,-5.009999999999998,No Tears,No Tears,High (10-15%)
688158,David Morgan,11,30,24.76,17.21,9.09,3.33,0.0,0.0,0.0,0.0,0.0,0.0,2,2,18.181818181818183,10.0,18.0,17.8,16.55,17.083333333333332,0.6836097203047314,0.8787044303088782,Low-Vol,Low-Vol,11.477272727272728,7.805000000000001,4.94910919440881,6.407583734165697,0.0,0.0,0.0,0.0,-7.550000000000001,No Tears,No Tears,Elite (15%+)
596001,Jakob Junis,30,27,15.39,19.31,0.0,11.11,0.0,0.0,0.0,0.0,0.0,0.0,0,2,10.0,11.11111111111111,18.4,23.65,15.116666666666665,22.25,0.6980481577491294,0.9097571452600353,Low-Vol,Low-Vol,6.176666666666667,10.527777777777779,5.053638725494343,6.6340226416749895,0.0,0.0,0.0,0.0,3.919999999999998,No Tears,No Tears,Medium (5-10%)
593958,Eduardo Rodriguez,12,17,47.47,46.93,0.0,0.0,0.0,0.0,0.0,0.0,0.0,0.0,0,0,16.666666666666664,11.76470588235294,37.45,51.099999999999994,34.4,46.48333333333333,1.7475466032099167,2.227872349134893,Gamma,Nuclear,15.200000000000001,21.305882352941175,12.6516617665248,16.245825255593942,10.0,7.6923076923076925,36.05,51.099999999999994,-0.5399999999999991,No Tears,No Tears,Elite (15%+)
593974,Wandy Peralta,34,37,25.56,14.28,2.94,5.41,0.0,0.0,0.0,0.0,0.0,0.0,2,2,14.705882352941178,10.81081081081081,21.950000000000003,16.9,19.55,15.916666666666666,1.228838057034525,0.5825246069197685,Normal,Low-Vol,8.492647058823529,9.787837837837838,8.896382754472855,4.247816520895789,0.0,0.0,0.0,0.0,-11.28,No Tears,No Tears,High (10-15%)
694335,Matt Svanson,10,29,14.54,19.83,10.0,0.0,0.0,0.0,0.0,0.0,0.0,0.0,2,0,10.0,10.344827586206897,11.5,31.700000000000003,9.783333333333333,30.01666666666667,0.47975483216437353,1.0079226432686086,Low-Vol,Normal,5.755,17.20344827586207,3.4732669539402434,7.3498533881694685,0.0,0.0,0.0,0.0,5.289999999999999,No Tears,No Tears,Medium (5-10%)
682052,Jacob Lopez,10,11,50.88,58.59,10.0,9.09,0.0,0.0,0.0,0.0,0.0,0.0,2,2,10.0,18.181818181818183,56.6,74.80000000000001,44.48333333333333,65.71666666666667,2.762457346510847,3.0984612585355316,Nuclear,Nuclear,19.675,32.945454545454545,19.999281237084496,22.5942299552945,16.666666666666664,22.22222222222222,56.6,50.650000000000006,7.710000000000001,No Tears,No Tears,Medium (5-10%)
622663,Luis Severino,16,13,41.45,33.8,6.25,7.69,0.0,0.0,0.0,0.0,0.0,0.0,2,2,12.5,15.384615384615385,38.75,49.8,34.916666666666664,44.36666666666667,1.6018014453600367,2.6416312297834983,Gamma,Nuclear,21.353125,19.51923076923077,11.596514832051913,19.26298845867313,8.333333333333332,0.0,35.2,0.0,-7.650000000000006,No Tears,No Tears,High (10-15%)
663623,Jake Irvin,16,17,47.67,28.07,12.5,5.88,0.0,0.0,0.0,0.0,0.0,0.0,2,2,12.5,11.76470588235294,59.2,30.5,50.866666666666674,26.116666666666664,2.54678433234965,1.525667963435899,Nuclear,High-IV,21.359375,9.367647058823529,18.437879657108084,11.125294113759288,7.6923076923076925,0.0,48.75,0.0,-19.6,No Tears,No Tears,High (10-15%)
608331,Max Fried,16,16,50.17,49.2,0.0,6.25,0.0,0.0,0.0,0.0,0.0,0.0,0,2,12.5,12.5,63.55,71.5,60.31666666666666,60.56666666666666,2.612548204663493,2.5828462238640877,Nuclear,Nuclear,37.84375,30.440625,18.91398843008352,18.834323443737855,25.0,23.076923076923077,42.81666666666666,40.36666666666667,-0.9699999999999989,No Tears,No Tears,High (10-15%)
608337,Lucas Giolito,10,16,42.06,48.52,0.0,6.25,0.0,0.0,0.0,0.0,0.0,0.0,0,2,10.0,12.5,51.0,57.7,39.78333333333333,56.150000000000006,2.1223046500481475,2.582893133604384,Nuclear,Nuclear,21.65,27.11875,15.364786580576597,18.83466551335595,12.5,15.384615384615385,35.1,44.8,6.460000000000001,No Tears,No Tears,Medium (5-10%)
657514,Brennan Bernardino,34,21,20.72,25.61,5.88,4.76,2.94,0.0,0.0,0.0,0.0,0.0,3,2,11.76470588235294,14.285714285714285,21.05,18.8,19.166666666666668,17.583333333333332,0.8155660755199869,1.1855215104743095,Low-Vol,Normal,7.770588235294118,7.280952380952381,5.904429739829638,8.644918683690381,0.0,0.0,0.0,0.0,4.890000000000001,Low (0-5),No Tears,High (10-15%)
667755,José Soriano,16,15,50.53,45.08,6.25,6.67,6.25,0.0,0.0,0.0,0.0,0.0,3,2,12.5,13.333333333333334,58.900000000000006,59.1,51.166666666666664,45.13333333333333,2.464273315364605,2.3643456671923366,Nuclear,Nuclear,25.090625000000003,23.320000000000004,17.84052707321171,17.240999722422465,15.384615384615385,8.333333333333332,36.5,39.45,-5.450000000000003,Moderate (5-15),No Tears,High (10-15%)
608372,Tomoyuki Sugano,15,15,44.46,43.58,0.0,6.67,0.0,0.0,0.0,0.0,0.0,0.0,0,2,13.333333333333334,13.333333333333334,40.95,39.55,37.166666666666664,36.03333333333333,1.6544558558041618,2.073328595809504,Gamma,Nuclear,21.023333333333333,15.846666666666666,11.977715419338809,15.118879714103285,8.333333333333332,7.6923076923076925,40.95,35.95,-0.8800000000000026,No Tears,No Tears,High (10-15%)
571510,Matthew Boyd,15,16,48.45,52.86,0.0,6.25,0.0,6.25,0.0,0.0,0.0,0.0,0,3,13.333333333333334,12.5,52.6,62.45,47.666666666666664,48.06666666666666,1.7119870015883514,1.9909796982242312,Gamma,Gamma,30.376666666666672,25.4375,12.394221964094323,14.518384896399462,16.666666666666664,8.333333333333332,43.075,53.0,4.409999999999997,No Tears,Moderate (5-15),High (10-15%)
663671,Nic Enright,9,18,15.29,17.68,0.0,5.56,0.0,0.0,0.0,0.0,0.0,0.0,0,2,11.11111111111111,11.11111111111111,14.85,16.45,11.866666666666665,15.4,0.4499914415232165,0.7560760391769707,Low-Vol,Low-Vol,8.472222222222223,8.338888888888889,3.257789809739794,5.513367593605764,0.0,0.0,0.0,0.0,2.3900000000000006,No Tears,No Tears,High (10-15%)
608379,Michael Wacha,15,16,44.19,29.63,0.0,0.0,0.0,0.0,0.0,0.0,0.0,0.0,0,0,13.333333333333334,12.5,41.6,45.8,39.36666666666667,40.516666666666666,1.577447797235338,2.3304876142298476,High-IV,Nuclear,24.493333333333336,18.015625,11.420202441704955,16.99410406337053,8.333333333333332,0.0,39.7,0.0,-14.559999999999999,No Tears,No Tears,High (10-15%)
678020,Seth Halvorsen,32,10,19.61,19.03,6.25,10.0,0.0,0.0,0.0,0.0,0.0,0.0,2,2,12.5,10.0,19.05,11.55,16.400000000000002,9.183333333333334,0.8727732117671102,0.8171787549585262,Low-Vol,Low-Vol,7.090625,4.0,6.318590562265322,5.958933536203344,0.0,0.0,0.0,0.0,-0.5799999999999983,No Tears,No Tears,High (10-15%)
663687,Hogan Harris,23,25,17.48,22.01,0.0,8.0,0.0,4.0,0.0,0.0,0.0,0.0,0,3,13.043478260869565,12.0,17.15,22.950000000000003,16.75,19.166666666666668,0.6147875384487027,0.8223310567533323,Low-Vol,Low-Vol,10.808695652173913,9.566,4.450859267753123,5.996504537367304,0.0,0.0,0.0,0.0,4.530000000000001,No Tears,Low (0-5),High (10-15%)
678024,Mike Vasil,21,26,25.15,24.83,4.76,3.85,4.76,0.0,0.0,0.0,0.0,0.0,3,2,14.285714285714285,19.230769230769234,28.5,20.7,20.099999999999998,20.083333333333332,0.8323104494546931,0.7109664604920691,Low-Vol,Low-Vol,10.999999999999998,12.861538461538462,6.025653491531022,5.18442489949093,0.0,0.0,0.0,0.0,-0.3200000000000003,Low (0-5),No Tears,High (10-15%)
673929,Jordan Leasure,32,36,16.09,21.54,3.12,5.56,0.0,2.78,0.0,0.0,0.0,0.0,2,3,12.5,11.11111111111111,17.1,25.0,15.516666666666667,23.766666666666666,0.5518354154853932,0.9642200102086905,Low-Vol,Low-Vol,7.259375,12.048611111111112,3.99510663388714,7.031170255279711,0.0,0.0,0.0,0.0,5.449999999999999,No Tears,Low (0-5),High (10-15%)
682120,Tim Herrin,32,22,21.09,19.77,6.25,4.55,3.12,0.0,0.0,0.0,0.0,0.0,3,2,12.5,13.636363636363635,19.65,17.55,16.333333333333332,14.850000000000001,0.796760010531406,0.6908167351554894,Low-Vol,Low-Vol,7.303125,4.868181818181818,5.768280024017893,5.037491473572968,0.0,0.0,0.0,0.0,-1.3200000000000003,Low (0-5),No Tears,High (10-15%)
645261,Sandy Alcantara,15,16,30.81,43.85,6.67,0.0,0.0,0.0,0.0,0.0,0.0,0.0,2,0,13.333333333333334,12.5,40.75,55.849999999999994,34.48333333333333,54.76666666666667,2.1598986635901998,2.6325766272566993,Nuclear,Nuclear,12.44,28.625,15.636954855177434,19.196961565136636,0.0,7.6923076923076925,0.0,37.45,13.040000000000003,No Tears,No Tears,High (10-15%)
542881,Tyler Anderson,15,11,43.25,49.63,13.33,9.09,0.0,0.0,0.0,0.0,0.0,0.0,2,2,13.333333333333334,18.181818181818183,39.4,40.0,36.083333333333336,28.61666666666667,1.6428600871674834,1.5298186409334973,Gamma,High-IV,18.166666666666664,14.986363636363633,11.89376587404791,11.15556118958367,8.333333333333332,10.0,36.45,40.0,6.380000000000003,No Tears,No Tears,High (10-15%)
657571,Caleb Ferguson,35,35,20.45,20.87,5.71,5.71,2.86,0.0,0.0,0.0,0.0,0.0,3,2,11.428571428571429,11.428571428571429,23.299999999999997,21.799999999999997,20.45,19.716666666666665,0.8087490613917766,1.0511455742536342,Low-Vol,Normal,7.468571428571428,6.807142857142857,5.855076803061417,7.665038494753332,0.0,0.0,0.0,0.0,0.4200000000000017,Low (0-5),No Tears,High (10-15%)
596133,Luke Weaver,25,39,19.32,22.61,8.0,5.13,0.0,2.56,0.0,0.0,0.0,0.0,2,3,12.0,10.256410256410255,20.25,24.8,19.633333333333333,22.433333333333337,0.8730489386906991,1.1770328400060879,Low-Vol,Normal,11.824000000000002,9.446153846153846,6.3205867343678355,8.58301861247104,0.0,0.0,0.0,0.0,3.289999999999999,No Tears,Low (0-5),High (10-15%)
542888,Shawn Armstrong,31,40,20.39,17.73,3.23,5.0,0.0,2.5,0.0,0.0,0.0,0.0,2,3,12.903225806451612,10.0,24.05,21.950000000000003,21.383333333333336,21.483333333333334,0.8788682321901222,0.7592154292387678,Low-Vol,Low-Vol,10.462903225806452,11.41625,6.362716502432163,5.536260279702842,0.0,0.0,0.0,0.0,-2.66,No Tears,Low (0-5),High (10-15%)
647336,Michael Soroka,10,12,44.21,26.64,0.0,8.33,0.0,0.0,0.0,0.0,0.0,0.0,0,2,10.0,16.666666666666664,42.5,30.2,39.85,22.733333333333334,1.9351134594229369,0.9589602388291908,Gamma,Low-Vol,24.23,12.891666666666666,14.009584021106567,6.99281557721707,12.5,0.0,42.5,0.0,-17.57,No Tears,No Tears,Medium (5-10%)
657585,Reed Garrett,31,27,23.78,26.31,3.23,7.41,3.23,3.7,3.23,0.0,3.23,0.0,5,3,12.903225806451612,11.11111111111111,26.35,26.55,22.816666666666666,22.566666666666666,0.9629933774072656,1.264215477227639,Low-Vol,Normal,10.735483870967741,7.646296296296295,6.9717548430361385,9.21876145032849,0.0,0.0,0.0,0.0,2.5299999999999976,Low (0-5),Low (0-5),High (10-15%)
671922,Cade Smith,36,40,16.29,21.62,5.56,15.0,0.0,0.0,0.0,0.0,0.0,0.0,2,2,11.11111111111111,10.0,18.950000000000003,30.85,18.733333333333334,29.7,0.7201216305986025,1.233429617698007,Low-Vol,Normal,11.552777777777779,13.432500000000001,5.2134433979369215,8.994268474123695,0.0,0.0,0.0,0.0,5.330000000000002,No Tears,No Tears,High (10-15%)
571578,Patrick Corbin,13,18,31.71,45.15,7.69,5.56,0.0,5.56,0.0,0.0,0.0,0.0,2,3,15.384615384615385,11.11111111111111,39.45,44.75,36.35,41.68333333333333,1.5618389207773253,2.457963463783618,High-IV,Nuclear,24.37692307692308,18.586111111111112,11.3071993177027,17.923668262577504,0.0,7.142857142857142,0.0,35.6,13.439999999999998,No Tears,Moderate (5-15),Elite (15%+)
663738,Daniel Lynch IV,33,24,16.92,16.1,3.03,0.0,0.0,0.0,0.0,0.0,0.0,0.0,2,0,12.121212121212121,12.5,20.05,16.700000000000003,17.349999999999998,14.300000000000002,0.6535877108187278,0.526536752525834,Low-Vol,Low-Vol,7.7257575757575765,6.76875,4.7317597349605505,3.839548560986554,0.0,0.0,0.0,0.0,-0.8200000000000003,No Tears,No Tears,High (10-15%)
665795,Edward Cabrera,12,14,34.72,51.71,8.33,7.14,0.0,0.0,0.0,0.0,0.0,0.0,2,2,16.666666666666664,14.285714285714285,55.1,67.9,46.01666666666667,54.333333333333336,2.3397344965048057,2.2908968771985534,Nuclear,Nuclear,22.94583333333333,34.69642857142858,16.938907047672732,16.70540520869857,0.0,25.0,0.0,41.1,16.990000000000002,No Tears,No Tears,Elite (15%+)
434378,Justin Verlander,11,18,32.03,45.22,9.09,5.56,0.0,0.0,0.0,0.0,0.0,0.0,2,2,18.181818181818183,11.11111111111111,39.6,54.150000000000006,31.333333333333332,46.400000000000006,1.2621492647846781,2.0302850484534423,Normal,Nuclear,19.295454545454543,23.68888888888889,9.137544925893787,14.805002687441952,0.0,14.285714285714285,0.0,42.525000000000006,13.189999999999998,No Tears,No Tears,Elite (15%+)
657612,Tim Hill,35,35,17.55,15.9,0.0,2.86,0.0,0.0,0.0,0.0,0.0,0.0,0,2,11.428571428571429,11.428571428571429,23.450000000000003,15.5,17.683333333333334,13.85,0.7617017669302144,0.6505915005293968,Low-Vol,Low-Vol,6.594285714285713,5.862857142857143,5.514469888507916,4.7441658111513645,0.0,0.0,0.0,0.0,-1.6500000000000004,No Tears,No Tears,High (10-15%)
694477,Chad Patrick,16,11,33.59,48.26,6.25,0.0,6.25,0.0,0.0,0.0,0.0,0.0,3,0,12.5,18.181818181818183,42.0,38.9,38.76666666666667,32.75,1.763682913070819,1.2093391218646592,Gamma,Normal,22.2125,22.027272727272727,12.768483334627753,8.818598631198826,0.0,16.666666666666664,0.0,38.9,14.669999999999995,Moderate (5-15),No Tears,High (10-15%)
663767,Chase Shugart,27,8,20.74,21.76,3.7,0.0,0.0,0.0,0.0,0.0,0.0,0.0,2,0,11.11111111111111,12.5,23.0,19.5,21.033333333333335,14.033333333333331,1.0214799308137201,0.8622856660103126,Normal,Low-Vol,7.70925925925926,8.5,7.3951782242662,6.28785677772187,0.0,0.0,0.0,0.0,1.0200000000000031,No Tears,No Tears,High (10-15%)
592094,Jason Adam,39,26,15.14,23.05,5.13,11.54,0.0,0.0,0.0,0.0,0.0,0.0,2,2,10.256410256410255,11.538461538461538,25.950000000000003,32.1,22.583333333333332,27.100000000000005,0.6551631025179823,1.1664129280027529,Low-Vol,Normal,12.39102564102564,10.426923076923078,4.743165051930151,8.505577355702913,0.0,0.0,0.0,0.0,7.91,No Tears,No Tears,High (10-15%)
657649,Jared Koenig,36,36,27.28,26.45,8.33,5.56,5.56,5.56,5.56,0.0,2.78,0.0,5,3,13.88888888888889,13.88888888888889,24.8,23.8,22.833333333333332,22.066666666666666,1.0168017306402357,0.9755560199735845,Normal,Low-Vol,8.068055555555555,10.254166666666668,7.361309596006268,7.113833354809487,0.0,0.0,0.0,0.0,-0.8300000000000018,Moderate (5-15),Moderate (5-15),High (10-15%)
700669,Gordon Graceffo,10,16,27.29,27.99,10.0,6.25,0.0,6.25,0.0,0.0,0.0,0.0,2,3,10.0,12.5,30.55,20.3,26.96666666666667,18.849999999999998,1.7130364994523064,1.0430468231206085,Gamma,Normal,10.625,7.2437499999999995,12.401819982925444,7.6059817468446065,0.0,0.0,0.0,0.0,0.6999999999999993,No Tears,Moderate (5-15),Medium (5-10%)
682243,Bryce Miller,10,8,27.92,29.16,10.0,0.0,0.0,0.0,0.0,0.0,0.0,0.0,2,0,10.0,12.5,44.5,32.95,33.63333333333333,30.7,2.1710090515124043,1.4514677363941255,Nuclear,High-IV,15.845000000000002,20.175,15.717390403979635,10.584220060340503,0.0,0.0,0.0,0.0,1.2399999999999984,No Tears,No Tears,Medium (5-10%)
643338,Chad Green,33,12,17.92,29.35,6.06,8.33,0.0,0.0,0.0,0.0,0.0,0.0,2,2,12.121212121212121,16.666666666666664,15.7,14.15,15.166666666666666,11.5,0.7592824249248439,1.1535899039041038,Low-Vol,Normal,6.533333333333333,2.6708333333333325,5.496954649318718,8.412070827451501,0.0,0.0,0.0,0.0,11.43,No Tears,No Tears,High (10-15%)
676106,Emerson Hancock,13,9,32.12,22.31,7.69,0.0,0.0,0.0,0.0,0.0,0.0,0.0,2,0,15.384615384615385,11.11111111111111,35.55,21.8,34.23333333333333,18.45,1.9406193022432126,1.0111528739185385,Gamma,Normal,17.96923076923077,9.344444444444443,14.049444509504319,7.3734084911781315,0.0,0.0,0.0,0.0,-9.809999999999999,No Tears,No Tears,Elite (15%+)
682254,Mason Montgomery,34,23,15.46,16.49,5.88,4.35,0.0,0.0,0.0,0.0,0.0,0.0,2,2,11.76470588235294,13.043478260869565,14.15,15.7,13.766666666666666,13.016666666666667,0.5878371228822491,0.5243008073767224,Low-Vol,Low-Vol,6.507352941176471,6.841304347826087,4.255747136501365,3.8232438682209806,0.0,0.0,0.0,0.0,1.0299999999999976,No Tears,No Tears,High (10-15%)
641302,Tyler Alexander,25,27,24.6,40.52,0.0,7.41,0.0,3.7,0.0,0.0,0.0,0.0,0,3,12.0,11.11111111111111,31.8,36.5,27.96666666666667,26.7,1.2486249809170096,1.313602609200416,Normal,Normal,10.382,8.53888888888889,9.03963356558218,9.578896408786163,0.0,7.6923076923076925,0.0,36.5,15.920000000000002,No Tears,Low (0-5),High (10-15%)
592155,Cam Booser,30,9,15.99,18.3,3.33,0.0,0.0,0.0,0.0,0.0,0.0,0.0,2,0,10.0,11.11111111111111,15.4,10.9,14.316666666666668,7.383333333333333,0.7630243038493799,0.6446209279302187,Low-Vol,Low-Vol,5.74,2.5055555555555555,5.524044620159874,4.700627913138604,0.0,0.0,0.0,0.0,2.3100000000000005,No Tears,No Tears,Medium (5-10%)
684320,Yariel Rodríguez,31,35,29.32,20.16,3.23,5.71,3.23,2.86,0.0,2.86,0.0,0.0,3,4,16.129032258064516,11.428571428571429,31.55,16.95,27.900000000000002,16.333333333333336,1.1114949617943974,0.8386947325801583,Normal,Low-Vol,10.048387096774194,7.032857142857143,8.046857397673618,6.115829784222238,0.0,0.0,0.0,0.0,-9.16,Low (0-5),Low (0-5),Elite (15%+)
676130,José Buttó,28,27,18.57,21.6,0.0,3.7,0.0,0.0,0.0,0.0,0.0,0.0,0,2,10.714285714285714,11.11111111111111,21.6,22.4,20.066666666666666,19.75,0.9071903221691319,1.051934364675538,Low-Vol,Normal,9.326785714285714,5.661111111111112,6.567759104602167,7.670790418270183,0.0,0.0,0.0,0.0,3.030000000000001,No Tears,No Tears,High (10-15%)
663855,Jordan Hicks,13,21,47.31,16.14,15.38,4.76,0.0,0.0,0.0,0.0,0.0,0.0,2,2,15.384615384615385,14.285714285714285,38.3,6.699999999999999,30.433333333333334,6.183333333333333,1.7862890279036354,0.3987873806112704,Gamma,Low-Vol,11.342307692307692,3.0404761904761903,12.932144159577815,2.9079898146150307,11.11111111111111,0.0,38.3,0.0,-31.17,No Tears,No Tears,Elite (15%+)
641329,Bryan Baker,37,36,21.85,19.15,5.41,2.78,5.41,0.0,0.0,0.0,0.0,0.0,3,2,10.81081081081081,13.88888888888889,23.799999999999997,16.950000000000003,23.166666666666668,15.800000000000002,0.8466731862498338,0.7548537724082685,Low-Vol,Low-Vol,12.529729729729727,9.281944444444445,6.129634974851678,5.504454725528845,0.0,0.0,0.0,0.0,-2.700000000000003,Moderate (5-15),No Tears,High (10-15%)
643377,Griffin Jax,35,38,22.12,17.07,5.71,2.63,0.0,0.0,0.0,0.0,0.0,0.0,2,2,14.285714285714285,10.526315789473683,26.4,22.4,21.983333333333334,21.53333333333333,0.9358663085243903,0.7895797033670047,Low-Vol,Low-Vol,11.744285714285716,8.618421052631579,6.775363799962975,5.757679021082634,0.0,0.0,0.0,0.0,-5.050000000000001,No Tears,No Tears,High (10-15%)
608566,Germán Márquez,15,11,30.87,35.59,0.0,0.0,0.0,0.0,0.0,0.0,0.0,0.0,0,0,13.333333333333334,18.181818181818183,36.849999999999994,32.55,34.4,24.099999999999998,2.3631088278727015,2.1915925856191367,Nuclear,Nuclear,12.183333333333334,5.6000000000000005,17.10812950728674,15.981270287433349,0.0,0.0,0.0,0.0,4.720000000000002,No Tears,No Tears,High (10-15%)
543056,Danny Coulombe,26,29,22.63,21.04,3.85,10.34,3.85,3.45,3.85,0.0,0.0,0.0,4,3,11.538461538461538,13.793103448275861,27.799999999999997,16.35,22.71666666666667,13.733333333333334,0.8895222804066649,0.6297543198139329,Low-Vol,Low-Vol,9.176923076923076,5.498275862068965,6.4398483020833766,4.592219405041468,0.0,0.0,0.0,0.0,-1.5899999999999999,Low (0-5),Low (0-5),High (10-15%)
643410,Mark Leiter Jr.,35,24,19.72,21.47,2.86,4.17,0.0,0.0,0.0,0.0,0.0,0.0,2,2,11.428571428571429,12.5,23.8,12.450000000000001,22.950000000000003,9.766666666666667,0.9622426654317218,0.7989770732391203,Low-Vol,Low-Vol,11.175714285714287,1.5520833333333333,6.966319935617237,5.8262054018081075,0.0,0.0,0.0,0.0,1.75,No Tears,No Tears,High (10-15%)
657746,Joe Ryan,15,16,51.75,46.79,6.67,0.0,0.0,0.0,0.0,0.0,0.0,0.0,2,0,13.333333333333334,12.5,63.25,49.85,51.800000000000004,47.76666666666667,1.9381640252648011,1.8101119029383976,Gamma,Gamma,32.43333333333333,31.174999999999997,14.03166911294726,13.199482313080818,16.666666666666664,14.285714285714285,53.3,43.3,-4.960000000000001,No Tears,No Tears,High (10-15%)
670036,Matt Festa,20,43,14.65,20.95,10.0,6.98,0.0,0.0,0.0,0.0,0.0,0.0,2,2,10.0,11.627906976744185,16.3,24.15,14.0,22.433333333333334,0.5941846317644662,1.0641865931629466,Low-Vol,Normal,6.710000000000001,8.653488372093022,4.301701009943319,7.760134658785285,0.0,0.0,0.0,0.0,6.299999999999999,No Tears,No Tears,Medium (5-10%)
663893,Brendon Little,36,43,17.4,21.24,2.78,6.98,0.0,2.33,0.0,2.33,0.0,2.33,2,5,11.11111111111111,11.627906976744185,24.549999999999997,20.15,23.799999999999997,19.03333333333333,0.7678323413129223,0.9485713082208708,Low-Vol,Low-Vol,12.747222222222224,6.932558139534884,5.558853227631506,6.917058655452322,0.0,0.0,0.0,0.0,3.84,No Tears,Low (0-5),High (10-15%)
678226,Daysbel Hernández,25,14,17.29,31.14,4.0,7.14,0.0,7.14,0.0,7.14,0.0,0.0,2,4,12.0,14.285714285714285,19.1,19.65,17.96666666666667,16.666666666666668,0.6559930519350011,1.0455807144555707,Low-Vol,Normal,8.394,5.710714285714288,4.74917361232457,7.624459087281298,0.0,0.0,0.0,0.0,13.850000000000001,No Tears,Moderate (5-15),High (10-15%)
518489,Ryan Brasier,10,18,21.06,24.07,10.0,5.56,10.0,5.56,0.0,5.56,0.0,0.0,3,4,10.0,11.11111111111111,10.8,16.15,8.549999999999999,13.533333333333333,0.41225752255719805,0.8842834432561207,Low-Vol,Low-Vol,5.319999999999999,4.452777777777778,2.984608665954197,6.4482663475455855,0.0,0.0,0.0,0.0,3.0100000000000016,Moderate (5-15),Moderate (5-15),Medium (5-10%)
663903,Brady Singer,15,17,48.18,29.42,6.67,5.88,0.0,0.0,0.0,0.0,0.0,0.0,2,2,13.333333333333334,11.76470588235294,51.2,65.4,43.083333333333336,51.73333333333334,2.0460408644145804,2.39229332928683,Nuclear,Nuclear,24.026666666666664,25.11764705882353,14.81266189383098,17.44479633351009,8.333333333333332,0.0,51.2,0.0,-18.759999999999998,No Tears,No Tears,High (10-15%)
547179,Michael Lorenzen,15,12,30.14,33.25,6.67,8.33,0.0,0.0,0.0,0.0,0.0,0.0,2,2,13.333333333333334,16.666666666666664,44.0,42.85,40.68333333333333,32.833333333333336,1.9775980373110018,1.6845782278651353,Gamma,Gamma,22.976666666666667,18.2,14.317158370623822,12.284080607177582,0.0,0.0,0.0,0.0,3.1099999999999994,No Tears,No Tears,High (10-15%)
670059,Colin Holderman,14,10,22.33,16.45,0.0,0.0,0.0,0.0,0.0,0.0,0.0,0.0,0,0,14.285714285714285,10.0,9.4,10.3,7.566666666666666,9.116666666666667,0.7286859047142177,0.5974873645562465,Low-Vol,Low-Vol,0.19285714285714287,4.284999999999999,5.27544592146765,4.356926159066224,0.0,0.0,0.0,0.0,-5.879999999999999,No Tears,No Tears,High (10-15%)
571760,Andrew Heaney,15,12,45.54,32.03,13.33,0.0,0.0,0.0,0.0,0.0,0.0,0.0,2,0,13.333333333333334,16.666666666666664,43.45,25.6,39.75,14.75,1.906555823996238,1.389283698037741,Gamma,High-IV,23.09,0.9291666666666668,13.802836147483811,10.130769026120676,8.333333333333332,0.0,43.45,0.0,-13.509999999999998,No Tears,No Tears,High (10-15%)
641401,Connor Brogdon,17,26,19.76,17.52,5.88,3.85,0.0,3.85,0.0,0.0,0.0,0.0,2,3,11.76470588235294,11.538461538461538,17.4,18.15,14.916666666666664,15.066666666666663,0.8692231940352871,0.5006348221353764,Low-Vol,Low-Vol,6.652941176470589,8.382692307692308,6.2928896032604555,3.6506695908474733,0.0,0.0,0.0,0.0,-2.240000000000002,No Tears,Low (0-5),High (10-15%)
663947,Tyler Holton,32,38,17.79,23.9,3.12,5.26,0.0,2.63,0.0,0.0,0.0,0.0,2,3,12.5,10.526315789473683,19.05,31.799999999999997,17.566666666666666,29.549999999999997,0.6863283894665819,1.1719092840871241,Low-Vol,Normal,7.0921875000000005,9.93421052631579,4.968791463612753,8.545657228557339,0.0,0.0,0.0,0.0,6.109999999999999,No Tears,Low (0-5),High (10-15%)
608665,Kendall Graveman,9,10,17.75,28.18,0.0,0.0,0.0,0.0,0.0,0.0,0.0,0.0,0,0,11.11111111111111,20.0,7.3,11.55,6.283333333333334,10.333333333333334,0.6011977607709131,0.7364907164800922,Low-Vol,Low-Vol,2.7055555555555553,4.415,4.352473753829859,5.370549837358887,0.0,0.0,0.0,0.0,10.43,No Tears,No Tears,High (10-15%)
676254,Ryan Walker,32,36,21.77,20.96,12.5,2.78,3.12,2.78,0.0,0.0,0.0,0.0,3,3,12.5,11.11111111111111,15.200000000000001,23.05,15.049999999999999,19.616666666666667,0.8545812822467639,0.9078282594464974,Low-Vol,Low-Vol,5.828125,7.340277777777778,6.186886984947772,6.6199570504049605,0.0,0.0,0.0,0.0,-0.8099999999999987,Low (0-5),Low (0-5),High (10-15%)
543135,Nathan Eovaldi,12,10,58.91,46.08,0.0,0.0,0.0,0.0,0.0,0.0,0.0,0.0,0,0,16.666666666666664,10.0,68.55,57.55,59.79999999999999,55.333333333333336,2.1920197522526332,2.517427436044925,Nuclear,Nuclear,41.56666666666667,37.04,15.86950095642773,18.357284354960807,22.22222222222222,12.5,59.175,46.0,-12.829999999999998,No Tears,No Tears,Elite (15%+)
663969,Tyler Phillips,27,27,19.5,21.32,11.11,3.7,0.0,3.7,0.0,0.0,0.0,0.0,2,3,11.11111111111111,11.11111111111111,20.1,22.65,18.900000000000002,20.599999999999998,0.9207311918476333,0.8559229985265956,Low-Vol,Low-Vol,7.124074074074074,9.62037037037037,6.665790540720848,6.241459692116828,0.0,0.0,0.0,0.0,1.8200000000000003,No Tears,Low (0-5),High (10-15%)
676263,Jack Dreyer,30,37,23.44,19.45,3.33,8.11,3.33,5.41,0.0,0.0,0.0,0.0,3,3,10.0,10.81081081081081,29.700000000000003,19.2,26.316666666666666,17.966666666666665,1.1493037205160241,0.6554338562355713,Normal,Low-Vol,11.003333333333334,9.12972972972973,8.320580356637652,4.779476660383137,0.0,0.0,0.0,0.0,-3.990000000000002,Low (0-5),Moderate (5-15),Medium (5-10%)
663978,Chris Paddack,15,18,48.4,24.65,6.67,5.56,0.0,0.0,0.0,0.0,0.0,0.0,2,2,13.333333333333334,11.11111111111111,51.45,30.35,47.449999999999996,25.049999999999997,2.9951457750437123,1.3342351432273096,Nuclear,Normal,20.663333333333334,11.705555555555554,21.683868812245354,9.729350514700789,8.333333333333332,0.0,48.0,0.0,-23.75,No Tears,No Tears,High (10-15%)
643511,Tyler Rogers,38,43,19.53,16.14,10.53,4.65,2.63,2.33,0.0,0.0,0.0,0.0,3,3,10.526315789473683,11.627906976744185,23.45,14.85,22.349999999999998,13.916666666666666,0.8569459360808963,0.514425149473996,Low-Vol,Low-Vol,11.473684210526315,6.298837209302326,6.2040062997914545,3.7512297725148156,0.0,0.0,0.0,0.0,-3.3900000000000006,Low (0-5),Low (0-5),High (10-15%)
518585,Fernando Cruz,29,20,20.96,20.94,3.45,0.0,3.45,0.0,0.0,0.0,0.0,0.0,3,0,10.344827586206897,10.0,25.75,20.85,24.900000000000002,20.650000000000002,0.8999920135164434,1.1345351339728036,Low-Vol,Normal,13.239655172413793,9.6425,6.515645721074893,8.273121904857415,0.0,0.0,0.0,0.0,-0.019999999999999574,Low (0-5),No Tears,High (10-15%)
676282,Joey Cantillo,21,13,30.4,32.26,4.76,7.69,4.76,0.0,0.0,0.0,0.0,0.0,3,2,14.285714285714285,15.384615384615385,27.85,54.900000000000006,25.866666666666664,42.36666666666667,1.2458799869902157,1.5376581371368634,Normal,High-IV,11.483333333333334,26.976923076923075,9.019760713751408,11.212727429588952,0.0,0.0,0.0,0.0,1.8599999999999994,Low (0-5),No Tears,High (10-15%)
592332,Kevin Gausman,15,17,47.68,49.91,6.67,5.88,0.0,0.0,0.0,0.0,0.0,0.0,2,2,13.333333333333334,11.76470588235294,64.95,72.45,55.050000000000004,66.35000000000001,2.584446235310189,2.5025033652493716,Nuclear,Nuclear,26.65,36.93529411764706,18.710539428736034,18.24845682436157,16.666666666666664,21.428571428571427,37.575,47.88333333333333,2.229999999999997,No Tears,No Tears,High (10-15%)
608718,Brent Suter,24,24,22.62,19.53,4.17,4.17,4.17,0.0,0.0,0.0,0.0,0.0,3,2,12.5,12.5,22.25,20.0,18.05,15.600000000000001,0.8089198919627857,0.8008387264962292,Low-Vol,Low-Vol,7.702083333333332,5.889583333333333,5.856313560124044,5.839780727842045,0.0,0.0,0.0,0.0,-3.09,Low (0-5),No Tears,High (10-15%)
455119,Chris Martin,27,22,16.75,18.72,7.41,4.55,0.0,0.0,0.0,0.0,0.0,0.0,2,2,11.11111111111111,13.636363636363635,21.349999999999998,12.9,18.333333333333332,11.683333333333332,0.7117742784186036,0.6864576315925458,Low-Vol,Low-Vol,9.527777777777779,5.772727272727274,5.153011317766111,5.005704538032376,0.0,0.0,0.0,0.0,1.9699999999999989,No Tears,No Tears,High (10-15%)
670167,John Schreiber,35,39,16.77,20.01,2.86,7.69,0.0,2.56,0.0,0.0,0.0,0.0,2,3,11.428571428571429,10.256410256410255,17.5,23.9,16.650000000000002,21.916666666666668,0.729173844824771,0.8833658052602373,Low-Vol,Low-Vol,8.065714285714286,6.757692307692307,5.278978447140901,6.441574857104132,0.0,0.0,0.0,0.0,3.240000000000002,No Tears,Low (0-5),High (10-15%)
678368,Valente Bellozo,12,20,33.2,20.27,0.0,0.0,0.0,0.0,0.0,0.0,0.0,0.0,0,0,16.666666666666664,10.0,31.6,15.900000000000002,24.933333333333334,12.800000000000002,1.5095879906068597,1.0405905205764658,High-IV,Normal,11.391666666666666,4.152499999999999,10.928919794690959,7.588070190142308,0.0,0.0,0.0,0.0,-12.930000000000003,No Tears,No Tears,Elite (15%+)
686563,Jonathan Cannon,12,10,46.76,34.99,8.33,10.0,0.0,10.0,0.0,0.0,0.0,0.0,2,3,16.666666666666664,10.0,38.55,31.8,32.833333333333336,27.983333333333334,1.424975854285866,1.9269523922306129,High-IV,Gamma,20.958333333333332,11.95,10.31635579890966,14.051492605571994,10.0,0.0,38.55,0.0,-11.769999999999996,No Tears,Moderate (5-15),Elite (15%+)
686580,Justin Slaten,24,12,23.18,32.09,4.17,8.33,0.0,0.0,0.0,0.0,0.0,0.0,2,2,12.5,25.0,22.5,13.75,19.416666666666668,13.683333333333332,1.1222617201508105,1.0797410851633378,Normal,Normal,7.29375,5.229166666666666,8.124805181610846,7.873559271769065,0.0,0.0,0.0,0.0,8.910000000000004,No Tears,No Tears,High (10-15%)
678394,Brayan Bello,12,17,34.17,46.94,8.33,11.76,0.0,0.0,0.0,0.0,0.0,0.0,2,2,16.666666666666664,11.76470588235294,52.65,60.599999999999994,43.25,54.25,1.9654717950691303,2.2618803043800706,Gamma,Nuclear,24.191666666666663,29.655882352941173,14.229368371168983,16.4938140142083,0.0,15.384615384615385,0.0,43.65,12.769999999999996,No Tears,No Tears,Elite (15%+)
621051,Steven Wilson,25,34,21.45,20.74,8.0,5.88,4.0,0.0,0.0,0.0,0.0,0.0,3,2,12.0,14.705882352941178,20.45,18.2,17.8,16.566666666666666,0.7746694523233811,0.7679045423854952,Low-Vol,Low-Vol,8.356,6.961764705882352,5.6083516592073055,5.599621995136238,0.0,0.0,0.0,0.0,-0.7100000000000009,Low (0-5),No Tears,High (10-15%)
621053,Tyler Ferguson,34,22,24.11,27.43,2.94,0.0,0.0,0.0,0.0,0.0,0.0,0.0,2,0,14.705882352941178,18.181818181818183,15.55,19.1,15.483333333333334,16.933333333333334,1.1109579341544922,1.0460229202704268,Normal,Normal,6.494117647058825,8.81818181818182,8.042969494457259,7.62768368782807,0.0,0.0,0.0,0.0,3.3200000000000003,No Tears,No Tears,High (10-15%)
688642,Zach Agnos,20,10,22.36,20.25,5.0,10.0,0.0,0.0,0.0,0.0,0.0,0.0,2,2,15.0,10.0,11.6,12.9,11.200000000000001,9.266666666666666,0.873039152422195,0.9321153160773615,Low-Vol,Low-Vol,5.405,2.8649999999999998,6.320515885007456,6.797060230553925,0.0,0.0,0.0,0.0,-2.1099999999999994,No Tears,No Tears,High (10-15%)
543243,Sonny Gray,15,17,51.0,49.88,0.0,5.88,0.0,0.0,0.0,0.0,0.0,0.0,0,2,13.333333333333334,11.76470588235294,48.85,65.3,46.95000000000001,57.550000000000004,2.116414194062001,2.3234039791925003,Nuclear,Nuclear,29.146666666666665,32.0735294117647,15.322141619549267,16.942449624086414,30.76923076923077,15.384615384615385,37.325,53.75,-1.1199999999999974,No Tears,No Tears,High (10-15%)
664076,Garrett Cleavinger,31,36,19.73,20.55,3.23,2.78,3.23,2.78,0.0,0.0,0.0,0.0,3,3,12.903225806451612,11.11111111111111,23.05,24.6,18.75,23.71666666666667,0.6156564121027135,0.8621617886220019,Low-Vol,Low-Vol,9.791935483870969,11.57638888888889,4.457149626801744,6.286953453792921,0.0,0.0,0.0,0.0,0.8200000000000003,Low (0-5),Low (0-5),High (10-15%)
686613,Hunter Brown,15,16,52.32,28.04,6.67,6.25,0.0,0.0,0.0,0.0,0.0,0.0,2,2,13.333333333333334,12.5,65.85,47.2,61.5,42.06666666666667,2.054999214009719,1.4104568398805655,Nuclear,High-IV,40.936666666666675,27.80625,14.877517394025249,10.285165287928045,23.076923076923077,0.0,49.199999999999996,0.0,-24.28,No Tears,No Tears,High (10-15%)
571927,Steven Matz,22,31,24.45,18.32,4.55,6.45,0.0,3.23,0.0,0.0,0.0,0.0,2,3,13.636363636363635,12.903225806451612,34.85,16.6,26.73333333333333,13.933333333333332,1.0876775350140768,0.5053016225481415,Normal,Low-Vol,11.72727272727273,6.608064516129031,7.874427073228993,3.684700276689037,0.0,0.0,0.0,0.0,-6.129999999999999,No Tears,Low (0-5),High (10-15%)
672282,Reid Detmers,29,32,25.04,19.5,10.34,3.12,0.0,0.0,0.0,0.0,0.0,0.0,2,2,10.344827586206897,12.5,27.8,22.450000000000003,27.333333333333332,21.349999999999998,1.5677312149828064,0.8462522871895253,High-IV,Low-Vol,11.586206896551722,11.4921875,11.349857586832503,6.170940083333882,0.0,0.0,0.0,0.0,-5.539999999999999,No Tears,No Tears,High (10-15%)
571945,Miles Mikolas,15,16,34.19,28.65,6.67,0.0,6.67,0.0,0.0,0.0,0.0,0.0,3,0,13.333333333333334,12.5,44.1,29.55,30.533333333333335,27.866666666666664,1.626589517401329,1.6451233866350043,Gamma,Gamma,16.12333333333333,12.64375,11.775972308456053,11.996372715672573,0.0,0.0,0.0,0.0,-5.539999999999999,Moderate (5-15),No Tears,High (10-15%)
571946,Shelby Miller,32,16,21.6,27.08,9.38,6.25,3.12,6.25,0.0,0.0,0.0,0.0,3,3,12.5,12.5,24.65,24.0,22.95,21.283333333333335,0.8002679239679632,0.9880737871095289,Low-Vol,Low-Vol,11.009374999999999,10.525,5.793676161794162,7.2051139246140075,0.0,0.0,0.0,0.0,5.479999999999997,Low (0-5),Moderate (5-15),High (10-15%)
592426,Luke Jackson,30,22,15.55,22.72,3.33,4.55,0.0,0.0,0.0,0.0,0.0,0.0,2,2,10.0,13.636363636363635,14.6,15.05,13.799999999999999,14.483333333333334,0.6990906033994919,0.9833029538292906,Low-Vol,Low-Vol,4.818333333333333,5.761363636363637,5.061185688622048,7.170324622693536,0.0,0.0,0.0,0.0,7.169999999999998,No Tears,No Tears,Medium (5-10%)
571948,Hoby Milner,35,38,17.31,21.15,11.43,5.26,0.0,0.0,0.0,0.0,0.0,0.0,2,2,11.428571428571429,13.157894736842104,22.8,14.8,20.216666666666665,14.700000000000001,0.7455969842253745,0.911885846124419,Low-Vol,Low-Vol,9.338571428571429,3.9250000000000003,5.3978765666298285,6.649545300447445,0.0,0.0,0.0,0.0,3.84,No Tears,No Tears,High (10-15%)
623149,Paul Sewald,14,8,31.52,20.58,7.14,0.0,7.14,0.0,0.0,0.0,0.0,0.0,3,0,14.285714285714285,12.5,22.55,12.75,21.1,9.816666666666666,1.0940413071107005,0.7093716516004025,Normal,Low-Vol,7.710714285714286,4.8187500000000005,7.920498686986158,5.1727954241396406,0.0,0.0,0.0,0.0,-10.940000000000001,Moderate (5-15),No Tears,High (10-15%)
666157,Nick Lodolo,15,14,42.43,55.32,6.67,7.14,0.0,7.14,0.0,0.0,0.0,0.0,2,3,13.333333333333334,14.285714285714285,44.1,69.6,41.38333333333333,62.86666666666667,1.4536035163579741,2.8051344921374755,High-IV,Nuclear,27.79333333333333,31.678571428571434,10.523610642378449,20.455267464224637,8.333333333333332,18.181818181818183,35.35,40.575,12.89,No Tears,Moderate (5-15),High (10-15%)
676395,Robert Garcia,34,37,17.21,14.91,8.82,8.11,0.0,0.0,0.0,0.0,0.0,0.0,2,2,11.76470588235294,10.81081081081081,18.9,17.65,17.216666666666665,17.1,0.7242608883210669,0.627632075759834,Low-Vol,Low-Vol,7.579411764705882,9.86216216216216,5.243410260378762,4.576743829851534,0.0,0.0,0.0,0.0,-2.3000000000000007,No Tears,No Tears,High (10-15%)
621111,Walker Buehler,12,14,34.83,33.55,0.0,7.14,0.0,7.14,0.0,0.0,0.0,0.0,0,3,16.666666666666664,14.285714285714285,45.2,30.9,41.916666666666664,27.849999999999998,2.4531250762319665,1.324347598500642,Nuclear,Normal,18.629166666666666,15.164285714285715,17.75981749411413,9.657249739313597,0.0,0.0,0.0,0.0,-1.2800000000000011,No Tears,Moderate (5-15),Elite (15%+)
666171,Ryan Zeferjahn,32,30,21.32,26.35,6.25,10.0,3.12,6.67,0.0,0.0,0.0,0.0,3,3,12.5,13.333333333333334,21.549999999999997,18.75,17.63333333333333,18.083333333333332,0.8038273764813222,0.9618875241090047,Low-Vol,Low-Vol,7.5296875,9.058333333333334,5.819445425509537,7.014161578098851,0.0,0.0,0.0,0.0,5.030000000000001,Low (0-5),Moderate (5-15),High (10-15%)
543294,Kyle Hendricks,15,16,43.32,45.81,6.67,6.25,0.0,0.0,0.0,0.0,0.0,0.0,2,2,13.333333333333334,12.5,47.2,48.2,38.75000000000001,36.93333333333333,1.763144255277942,1.6239766016122728,Gamma,Gamma,20.076666666666668,18.75625,12.764583629640851,11.842168649927823,8.333333333333332,8.333333333333332,36.35,48.2,2.490000000000002,No Tears,No Tears,High (10-15%)
623167,Chris Flexen,13,8,21.54,28.5,0.0,0.0,0.0,0.0,0.0,0.0,0.0,0.0,0,0,15.384615384615385,12.5,18.249999999999996,17.45,17.65,14.933333333333332,0.6640347436183789,1.4502893101778216,Low-Vol,High-IV,11.946153846153846,4.606249999999999,4.8073928111842115,10.575626881115438,0.0,0.0,0.0,0.0,6.960000000000001,No Tears,No Tears,Elite (15%+)
664126,Pete Fairbanks,30,31,18.92,17.75,6.67,9.68,3.33,0.0,0.0,0.0,0.0,0.0,3,2,10.0,12.903225806451612,21.200000000000003,18.75,19.46666666666667,17.366666666666667,0.7848310508656758,0.6635031649511121,Low-Vol,Low-Vol,9.133333333333335,8.76290322580645,5.681918285429566,4.838318711803642,0.0,0.0,0.0,0.0,-1.1700000000000017,Low (0-5),No Tears,Medium (5-10%)
674370,Osvaldo Bido,12,14,33.45,24.38,8.33,0.0,0.0,0.0,0.0,0.0,0.0,0.0,2,0,16.666666666666664,14.285714285714285,28.299999999999997,19.8,22.88333333333333,18.400000000000002,1.5173598427484039,0.9935928595560343,High-IV,Low-Vol,8.954166666666666,8.917857142857144,10.985185444152695,7.245359447017347,0.0,0.0,0.0,0.0,-9.070000000000004,No Tears,No Tears,Elite (15%+)
592454,Tommy Kahnle,32,34,16.09,21.73,3.12,5.88,0.0,0.0,0.0,0.0,0.0,0.0,2,2,12.5,11.76470588235294,19.3,14.3,17.416666666666668,13.15,0.5518702674634245,1.016242059422554,Low-Vol,Normal,9.553125,2.625,3.995358950727868,7.410519243247766,0.0,0.0,0.0,0.0,5.640000000000001,No Tears,No Tears,High (10-15%)
670280,David Bednar,30,34,20.51,22.28,6.67,5.88,0.0,2.94,0.0,2.94,0.0,0.0,2,4,10.0,11.76470588235294,26.4,33.6,24.516666666666666,27.46666666666667,1.1360840040552327,0.913730352672116,Normal,Low-Vol,10.919999999999998,12.504411764705882,8.22487396402753,6.66299559129033,0.0,0.0,0.0,0.0,1.7699999999999996,No Tears,Low (0-5),Medium (5-10%)
676428,Brant Hurter,24,19,21.91,22.74,4.17,5.26,0.0,0.0,0.0,0.0,0.0,0.0,2,2,12.5,10.526315789473683,24.55,26.2,22.450000000000003,24.63333333333333,1.0206448130728538,1.200821917936941,Normal,Normal,11.266666666666666,10.63421052631579,7.389132246909568,8.75649049168639,0.0,0.0,0.0,0.0,0.8299999999999983,No Tears,No Tears,High (10-15%)
666200,Jesús Luzardo,16,16,49.68,51.62,0.0,0.0,0.0,0.0,0.0,0.0,0.0,0.0,0,0,12.5,12.5,62.400000000000006,55.1,57.1,54.53333333333333,3.0053467640515654,2.186330234634171,Nuclear,Nuclear,31.809375000000003,34.58125,21.757720612463064,15.942896798679133,15.384615384615385,30.76923076923077,50.150000000000006,41.6875,1.9399999999999977,No Tears,No Tears,High (10-15%)
676440,Tanner Bibee,15,16,29.99,54.27,0.0,6.25,0.0,6.25,0.0,0.0,0.0,0.0,0,3,13.333333333333334,12.5,44.6,75.35,40.25,61.79999999999999,1.7756235442877728,2.7745363531644816,Gamma,Nuclear,23.529999999999998,26.96875,12.854929571402339,20.23214336149287,0.0,15.384615384615385,0.0,48.325,24.280000000000005,No Tears,Moderate (5-15),High (10-15%)
678495,Randy Rodríguez,33,17,20.54,19.82,9.09,5.88,3.03,5.88,0.0,0.0,0.0,0.0,3,3,12.121212121212121,11.76470588235294,23.65,13.900000000000002,22.566666666666663,11.9,0.7719610089585593,0.5052004694721127,Low-Vol,Low-Vol,14.246969696969696,7.029411764705882,5.588743421405479,3.683962660282124,0.0,0.0,0.0,0.0,-0.7199999999999989,Low (0-5),Moderate (5-15),High (10-15%)
666214,Joey Wentz,22,17,30.38,28.35,4.55,0.0,4.55,0.0,0.0,0.0,0.0,0.0,3,0,13.636363636363635,11.76470588235294,22.4,39.35,19.7,37.083333333333336,1.207689199995422,1.8070192146479735,Normal,Gamma,4.463636363636364,17.21470588235294,8.74327199592951,13.176930180075638,0.0,0.0,0.0,0.0,-2.0299999999999976,Low (0-5),No Tears,High (10-15%)
623211,Huascar Brazobán,32,20,21.49,27.59,3.12,5.0,0.0,5.0,0.0,0.0,0.0,0.0,2,3,12.5,10.0,24.849999999999998,22.0,23.849999999999998,20.183333333333334,1.0185554642623509,1.3115769769759595,Normal,Normal,12.1765625,6.1475,7.374006049751666,9.56412533486741,0.0,0.0,0.0,0.0,6.100000000000001,No Tears,Low (0-5),High (10-15%)
686701,Ryan Bergert,8,11,46.51,35.09,0.0,9.09,0.0,0.0,0.0,0.0,0.0,0.0,0,2,12.5,18.181818181818183,35.25,35.55,30.349999999999998,33.56666666666666,1.7343580369565952,1.6771086684728735,Gamma,Gamma,16.0625,18.10909090909091,12.5561808911559,12.22961197630199,20.0,0.0,35.25,0.0,-11.419999999999995,No Tears,No Tears,High (10-15%)
641656,Ian Hamilton,22,14,23.87,21.69,9.09,7.14,0.0,0.0,0.0,0.0,0.0,0.0,2,2,13.636363636363635,14.285714285714285,18.099999999999998,19.15,17.116666666666667,16.266666666666666,1.0661516372176052,0.7674168065233592,Normal,Low-Vol,6.159090909090909,8.003571428571426,7.718586663799279,5.596065385804368,0.0,0.0,0.0,0.0,-2.1799999999999997,No Tears,No Tears,High (10-15%)
801403,Chase Dollander,12,9,33.46,28.23,0.0,0.0,0.0,0.0,0.0,0.0,0.0,0.0,0,0,16.666666666666664,11.11111111111111,38.0,24.15,26.333333333333332,21.333333333333332,1.8002633927584346,1.550980002482831,Gamma,High-IV,11.9,10.622222222222222,13.033313957979864,11.309871548538668,0.0,0.0,0.0,0.0,-5.23,No Tears,No Tears,Elite (15%+)
676477,Garrett Whitlock,28,34,23.37,21.85,7.14,5.88,3.57,2.94,0.0,2.94,0.0,2.94,3,5,10.714285714285714,11.76470588235294,29.450000000000003,22.3,26.600000000000005,21.816666666666666,1.0708051124200888,0.9288552705475146,Normal,Low-Vol,13.783928571428573,10.880882352941175,7.752276291413555,6.77328771503088,0.0,0.0,0.0,0.0,-1.5199999999999996,Low (0-5),Low (0-5),High (10-15%)
680573,Simeon Woods Richardson,11,12,34.7,52.11,0.0,0.0,0.0,0.0,0.0,0.0,0.0,0.0,0,0,18.181818181818183,16.666666666666664,35.900000000000006,53.55,30.816666666666674,47.53333333333333,1.6163059713476589,2.4436140757358893,Gamma,Nuclear,18.768181818181816,25.683333333333334,11.701522822420866,17.81903136502876,0.0,18.181818181818183,0.0,39.4,17.409999999999997,No Tears,No Tears,Elite (15%+)
664199,Taylor Clarke,15,36,24.29,19.63,0.0,2.78,0.0,2.78,0.0,0.0,0.0,0.0,0,3,13.333333333333334,11.11111111111111,17.55,21.0,16.583333333333332,19.099999999999998,1.0886055191095967,0.8181351445865599,Normal,Low-Vol,7.256666666666667,9.162500000000001,7.8811453724032,5.96590760667885,0.0,0.0,0.0,0.0,-4.66,No Tears,Low (0-5),High (10-15%)
672391,Kaleb Ort,22,27,21.97,19.5,9.09,3.7,0.0,0.0,0.0,0.0,0.0,0.0,2,2,13.636363636363635,11.11111111111111,16.75,25.799999999999997,15.733333333333334,21.266666666666666,0.9389485117758211,0.9205780779119161,Low-Vol,Low-Vol,6.984090909090909,8.085185185185185,6.797677936227586,6.712929757261424,0.0,0.0,0.0,0.0,-2.469999999999999,No Tears,No Tears,High (10-15%)
674444,Steven Cruz,29,18,21.36,16.47,10.34,0.0,3.45,0.0,0.0,0.0,0.0,0.0,3,0,10.344827586206897,11.11111111111111,31.299999999999997,9.35,25.38333333333333,8.433333333333332,0.9046068482555885,0.6091102147071333,Low-Vol,Low-Vol,10.30689655172414,3.1333333333333333,6.54905560446274,4.441680921876841,0.0,0.0,0.0,0.0,-4.890000000000001,Low (0-5),No Tears,High (10-15%)
664208,Phil Maton,31,32,19.39,22.89,0.0,6.25,0.0,0.0,0.0,0.0,0.0,0.0,0,2,12.903225806451612,12.5,20.15,31.299999999999997,19.049999999999997,28.983333333333334,0.8116812886773845,1.0726199802024545,Low-Vol,Normal,9.829032258064514,11.407812500000002,5.8763051627354566,7.821631598773717,0.0,0.0,0.0,0.0,3.5,No Tears,No Tears,High (10-15%)
676508,Ben Casparius,24,22,31.11,21.45,4.17,4.55,4.17,0.0,0.0,0.0,0.0,0.0,3,2,12.5,13.636363636363635,36.7,13.55,33.93333333333334,10.866666666666667,1.4909527314646633,0.8220769123178432,High-IV,Low-Vol,14.291666666666666,3.1818181818181817,10.794006656943703,5.99465129560045,0.0,0.0,0.0,0.0,-9.66,Low (0-5),No Tears,High (10-15%)
686752,Ryan Pepiot,16,15,46.87,48.53,6.25,6.67,0.0,0.0,0.0,0.0,0.0,0.0,2,2,12.5,13.333333333333334,61.45,50.3,56.31666666666666,46.4,1.997080382188658,2.323921354018557,Gamma,Nuclear,32.8,23.713333333333335,14.458204130066315,16.946222363139,15.384615384615385,8.333333333333332,41.05,50.3,1.6600000000000037,No Tears,No Tears,High (10-15%)
666277,George Soriano,12,12,26.81,25.9,8.33,0.0,0.0,0.0,0.0,0.0,0.0,0.0,2,0,16.666666666666664,16.666666666666664,16.7,14.85,14.049999999999999,13.866666666666667,0.9267222449868302,0.902402047989773,Low-Vol,Low-Vol,5.383333333333333,6.733333333333333,6.709163791999624,6.58038867784534,0.0,0.0,0.0,0.0,-0.9100000000000001,No Tears,No Tears,Elite (15%+)
621237,José Alvarado,20,8,18.25,16.31,5.0,0.0,0.0,0.0,0.0,0.0,0.0,0.0,2,0,10.0,12.5,23.549999999999997,7.750000000000001,21.900000000000002,7.1000000000000005,0.9046789542354075,0.37237081815087925,Low-Vol,Low-Vol,12.7775,4.49375,6.5495776280049665,2.7153581058227187,0.0,0.0,0.0,0.0,-1.9400000000000013,No Tears,No Tears,Medium (5-10%)
676534,Calvin Faucher,31,34,19.51,22.19,6.45,8.82,0.0,8.82,0.0,0.0,0.0,0.0,2,3,12.903225806451612,11.76470588235294,16.35,19.950000000000003,15.166666666666666,15.933333333333332,0.8447070741224185,0.5805001375193134,Low-Vol,Low-Vol,7.029032258064516,7.416176470588234,6.115400970685248,4.233053926383647,0.0,0.0,0.0,0.0,2.6799999999999997,No Tears,Moderate (5-15),High (10-15%)
621242,Edwin Díaz,29,33,21.9,23.43,6.9,3.03,3.45,0.0,3.45,0.0,3.45,0.0,5,2,10.344827586206897,12.121212121212121,24.9,33.25,23.8,30.150000000000002,1.0023075505074641,1.1802604652519593,Normal,Normal,12.600000000000001,14.668181818181816,7.256376506218514,8.606554716662707,0.0,0.0,0.0,0.0,1.5300000000000011,Low (0-5),No Tears,High (10-15%)
621244,José Berríos,16,15,46.9,29.51,6.25,0.0,0.0,0.0,0.0,0.0,0.0,0.0,2,0,12.5,13.333333333333334,51.0,34.65,44.43333333333334,33.46666666666667,1.642696462236351,1.5116143466569982,Gamma,High-IV,26.953125,18.930000000000003,11.892581283444455,11.022814004210929,7.6923076923076925,0.0,51.0,0.0,-17.389999999999997,No Tears,No Tears,High (10-15%)
694973,Paul Skenes,16,16,49.6,29.71,0.0,0.0,0.0,0.0,0.0,0.0,0.0,0.0,0,0,12.5,12.5,59.6,59.0,58.88333333333333,57.13333333333333,1.7061708278155532,2.117933918238095,Gamma,Nuclear,42.959375,39.59375,12.352114781823124,15.444145330836536,15.384615384615385,0.0,51.425,0.0,-19.89,No Tears,No Tears,High (10-15%)
672456,Keider Montero,11,9,29.11,25.26,0.0,0.0,0.0,0.0,0.0,0.0,0.0,0.0,0,0,18.181818181818183,11.11111111111111,30.7,32.0,27.816666666666663,26.083333333333332,1.0143892528705167,1.261250246186496,Normal,Normal,18.986363636363635,16.63888888888889,7.343844051622111,9.197138745887827,0.0,0.0,0.0,0.0,-3.849999999999998,No Tears,No Tears,Elite (15%+)
678606,Jose A. Ferrer,38,34,19.52,18.28,5.26,2.94,0.0,2.94,0.0,0.0,0.0,0.0,2,3,10.526315789473683,11.76470588235294,20.7,18.4,19.53333333333333,17.7,1.0272497605804822,0.6184799393300519,Normal,Low-Vol,6.890789473684208,9.200000000000001,7.436949891199383,4.51000571121052,0.0,0.0,0.0,0.0,-1.2399999999999984,No Tears,Low (0-5),High (10-15%)
686799,Jack Kochanowicz,15,8,43.82,28.62,6.67,0.0,0.0,0.0,0.0,0.0,0.0,0.0,2,0,13.333333333333334,12.5,39.55,13.200000000000001,31.76666666666667,11.166666666666666,1.5767603898779405,1.552455832706959,High-IV,High-IV,15.566666666666668,0.30625000000000013,11.415225838868933,11.320633421828859,8.333333333333332,0.0,39.55,0.0,-15.2,No Tears,No Tears,High (10-15%)
641745,Brad Keller,33,35,17.36,18.66,0.0,0.0,0.0,0.0,0.0,0.0,0.0,0.0,0,0,12.121212121212121,11.428571428571429,18.1,21.15,17.166666666666668,19.816666666666666,0.7255937340365769,0.8948741455005624,Low-Vol,Low-Vol,9.983333333333333,10.357142857142858,5.253059624320541,6.525494604390748,0.0,0.0,0.0,0.0,1.3000000000000007,No Tears,No Tears,High (10-15%)
641755,Tyler Kinley,34,39,26.34,20.73,11.76,5.13,2.94,2.56,2.94,2.56,2.94,0.0,5,4,11.76470588235294,10.256410256410255,26.049999999999997,29.299999999999997,23.349999999999998,27.616666666666664,1.232008398609027,0.9537814082686041,Normal,Low-Vol,5.652941176470588,12.694871794871794,8.919334983163795,6.9550511261486365,0.0,0.0,0.0,0.0,-5.609999999999999,Low (0-5),Low (0-5),High (10-15%)
518876,Merrill Kelly,16,16,47.44,44.18,6.25,6.25,0.0,0.0,0.0,0.0,0.0,0.0,2,2,12.5,12.5,68.3,46.45,59.800000000000004,42.98333333333334,2.8970095478210296,2.19969588865519,Nuclear,Nuclear,32.556250000000006,22.253125,20.97339485316258,16.040360228186895,15.384615384615385,7.6923076923076925,42.175,40.9,-3.259999999999998,No Tears,No Tears,High (10-15%)
664285,Framber Valdez,15,16,54.38,48.81,6.67,0.0,6.67,0.0,0.0,0.0,0.0,0.0,3,0,13.333333333333334,12.5,73.9,53.45,56.96666666666667,46.366666666666674,2.2213592681013985,2.285989719944994,Nuclear,Nuclear,34.976666666666674,24.53125,16.081909386755342,16.669621821345157,23.076923076923077,15.384615384615385,38.98333333333333,47.85,-5.57,Moderate (5-15),No Tears,High (10-15%)
668390,Cole Winn,10,23,13.57,18.02,0.0,4.35,0.0,0.0,0.0,0.0,0.0,0.0,0,2,10.0,13.043478260869565,14.1,18.8,12.199999999999998,17.599999999999998,0.41516548068225073,0.6477503256448237,Low-Vol,Low-Vol,8.57,10.336956521739127,3.0056613249000623,4.723447734232244,0.0,0.0,0.0,0.0,4.449999999999999,No Tears,No Tears,Medium (5-10%)
662253,Andrés Muñoz,29,35,14.82,19.45,6.9,2.86,0.0,2.86,0.0,0.0,0.0,0.0,2,3,10.344827586206897,11.428571428571429,19.8,22.0,18.183333333333334,21.266666666666666,0.6361251635954012,0.7447506812525894,Low-Vol,Low-Vol,11.56551724137931,11.131428571428572,4.605336645215369,5.430782168158027,0.0,0.0,0.0,0.0,4.629999999999999,No Tears,Low (0-5),High (10-15%)
680689,Lyon Richardson,19,15,14.79,19.87,0.0,0.0,0.0,0.0,0.0,0.0,0.0,0.0,0,0,10.526315789473683,13.333333333333334,15.950000000000001,6.4,14.0,6.033333333333334,0.5793519150530215,0.5936550229695376,Low-Vol,Low-Vol,8.007894736842104,1.4100000000000004,4.194317026839701,4.328980414436109,0.0,0.0,0.0,0.0,5.080000000000002,No Tears,No Tears,High (10-15%)
641778,Eric Lauer,10,18,25.14,27.93,0.0,5.56,0.0,0.0,0.0,0.0,0.0,0.0,0,2,10.0,11.11111111111111,36.25,55.3,29.733333333333334,43.68333333333333,1.3776907724740772,1.829890340659549,High-IV,Gamma,20.32,20.897222222222222,9.974027382267519,13.343708279694768,0.0,0.0,0.0,0.0,2.789999999999999,No Tears,No Tears,Medium (5-10%)
623352,Josh Hader,32,16,20.86,17.58,9.38,6.25,0.0,0.0,0.0,0.0,0.0,0.0,2,2,12.5,12.5,31.25,17.55,27.316666666666663,16.466666666666665,0.9330917654159239,0.6186674917878779,Low-Vol,Low-Vol,15.0046875,10.796875,6.755277021790374,4.511373358893424,0.0,0.0,0.0,0.0,-3.280000000000001,No Tears,No Tears,High (10-15%)
641793,Zack Littell,16,16,45.97,42.56,6.25,6.25,0.0,0.0,0.0,0.0,0.0,0.0,2,2,12.5,12.5,47.400000000000006,42.65,43.050000000000004,36.11666666666667,1.781129631145057,1.390835989390496,Gamma,High-IV,25.128125,20.99375,12.894791826547646,10.1420884601414,15.384615384615385,7.6923076923076925,40.35,42.65,-3.4099999999999966,No Tears,No Tears,High (10-15%)
666374,Matt Brash,15,38,17.19,20.99,6.67,13.16,0.0,5.26,0.0,2.63,0.0,0.0,2,4,13.333333333333334,10.526315789473683,12.5,18.15,12.066666666666668,18.0,0.5050906445625526,0.8481188091319463,Low-Vol,Low-Vol,7.406666666666666,9.410526315789474,3.656689890102927,6.184550912214665,0.0,0.0,0.0,0.0,3.799999999999997,No Tears,Moderate (5-15),High (10-15%)
676617,Riley O'Brien,10,32,20.11,18.37,0.0,3.12,0.0,3.12,0.0,3.12,0.0,0.0,0,4,10.0,12.5,19.3,19.4,16.183333333333334,17.55,0.9262295372538875,0.5408456809380898,Low-Vol,Low-Vol,8.135000000000002,9.201562500000001,6.705596750310726,3.943890423602955,0.0,0.0,0.0,0.0,-1.7399999999999984,No Tears,Low (0-5),Medium (5-10%)
592662,Robbie Ray,16,16,53.11,48.76,6.25,6.25,6.25,0.0,0.0,0.0,0.0,0.0,3,2,12.5,12.5,59.5,54.25,57.26666666666667,49.133333333333326,2.249396245717051,2.291940251678131,Nuclear,Nuclear,34.015625,24.696875,16.28488786933047,16.713013579742782,15.384615384615385,7.6923076923076925,45.975,54.25,-4.350000000000001,Moderate (5-15),No Tears,High (10-15%)
680730,Mitchell Parker,15,18,44.12,26.69,0.0,5.56,0.0,0.0,0.0,0.0,0.0,0.0,0,2,13.333333333333334,11.11111111111111,48.099999999999994,27.75,38.48333333333333,24.733333333333334,1.9787244315518666,1.515918197357293,Gamma,High-IV,19.826666666666668,9.649999999999999,14.325313093894152,11.054198031410829,8.333333333333332,0.0,38.75,0.0,-17.429999999999996,No Tears,No Tears,High (10-15%)
680732,Sean Burke,15,13,42.92,28.79,0.0,7.69,0.0,0.0,0.0,0.0,0.0,0.0,0,2,13.333333333333334,15.384615384615385,36.3,35.35,35.699999999999996,32.26666666666667,1.715290556741459,1.2326190644939823,Gamma,Normal,18.036666666666665,19.184615384615384,12.418138615213902,8.988357854640464,7.6923076923076925,0.0,35.95,0.0,-14.130000000000003,No Tears,No Tears,High (10-15%)
678692,Ronny Henriquez,33,36,23.16,19.5,9.09,5.56,3.03,0.0,3.03,0.0,3.03,0.0,5,2,12.121212121212121,11.11111111111111,29.450000000000003,30.05,24.933333333333334,26.53333333333333,0.9753439269675163,0.940635115766325,Low-Vol,Low-Vol,11.783333333333333,13.018055555555556,7.061168753589357,6.859187298567185,0.0,0.0,0.0,0.0,-3.66,Low (0-5),No Tears,High (10-15%)
680742,Jonathan Bowlan,12,22,22.7,24.01,0.0,4.55,0.0,0.0,0.0,0.0,0.0,0.0,0,2,16.666666666666664,13.636363636363635,18.25,25.549999999999997,15.066666666666668,21.666666666666668,0.657249284460893,1.0918452032657835,Low-Vol,Normal,9.579166666666667,9.929545454545456,4.758268322009849,7.961823479384802,0.0,0.0,0.0,0.0,1.3100000000000023,No Tears,No Tears,Elite (15%+)
690990,Cade Horton,8,15,27.86,46.6,0.0,6.67,0.0,0.0,0.0,0.0,0.0,0.0,0,2,12.5,13.333333333333334,34.3,45.8,29.583333333333332,43.28333333333333,1.3438716329974971,2.104393039901122,Normal,Nuclear,20.73125,28.400000000000002,9.729187952459636,15.345404151452922,0.0,16.666666666666664,0.0,38.3,18.740000000000002,No Tears,No Tears,High (10-15%)
680755,Braydon Fisher,18,34,19.23,30.05,5.56,5.88,0.0,2.94,0.0,0.0,0.0,0.0,2,3,11.11111111111111,14.705882352941178,20.3,31.5,19.71666666666667,28.900000000000002,0.9108119828339158,1.3549079745465407,Low-Vol,High-IV,13.055555555555557,11.867647058823529,6.593978734842534,9.880098471728493,0.0,0.0,0.0,0.0,10.82,No Tears,Low (0-5),High (10-15%)
676661,Max Lazar,9,27,16.39,19.42,0.0,3.7,0.0,0.0,0.0,0.0,0.0,0.0,0,2,11.11111111111111,11.11111111111111,13.1,14.3,11.233333333333333,13.75,0.5413495536172666,0.9082870898642262,Low-Vol,Low-Vol,7.377777777777778,3.994444444444445,3.9191924479979856,6.623302878899699,0.0,0.0,0.0,0.0,3.030000000000001,No Tears,No Tears,High (10-15%)
621366,Ryan Borucki,29,10,15.93,16.29,0.0,0.0,0.0,0.0,0.0,0.0,0.0,0.0,0,0,10.344827586206897,10.0,18.3,15.200000000000001,15.133333333333335,14.799999999999999,0.7201936785360322,0.6342935459249928,Low-Vol,Low-Vol,6.231034482758622,9.095,5.21396500127137,4.625319808762778,0.0,0.0,0.0,0.0,0.35999999999999943,No Tears,No Tears,High (10-15%)
676664,JP Sears,16,11,29.85,50.41,0.0,9.09,0.0,0.0,0.0,0.0,0.0,0.0,0,2,12.5,18.181818181818183,43.4,41.35,37.88333333333333,34.083333333333336,2.378940469447907,1.6424589954112572,Nuclear,Gamma,14.868750000000002,19.67727272727273,17.222745377358784,11.976943759498157,0.0,10.0,0.0,41.35,20.559999999999995,No Tears,No Tears,High (10-15%)
656186,Dan Altavilla,10,18,16.26,16.72,10.0,5.56,0.0,0.0,0.0,0.0,0.0,0.0,2,2,10.0,11.11111111111111,18.0,13.85,13.966666666666667,12.366666666666667,0.6369745969895583,0.6525824550364501,Low-Vol,Low-Vol,8.205,5.525,4.611486263186258,4.758684012351709,0.0,0.0,0.0,0.0,0.4599999999999973,No Tears,No Tears,Medium (5-10%)
680767,Victor Vodnik,22,30,23.48,20.04,4.55,6.67,0.0,3.33,0.0,0.0,0.0,0.0,2,3,13.636363636363635,10.0,24.799999999999997,21.9,19.933333333333334,20.349999999999998,1.0388917431835745,0.8525047597286445,Normal,Low-Vol,8.65909090909091,8.088333333333333,7.521234010384269,6.216533618495523,0.0,0.0,0.0,0.0,-3.4400000000000013,No Tears,Low (0-5),High (10-15%)
672578,Carlos Hernández,27,14,18.01,20.99,3.7,7.14,3.7,0.0,0.0,0.0,0.0,0.0,3,2,11.11111111111111,14.285714285714285,12.2,9.9,11.65,7.45,0.6072913851911045,0.5958405934880245,Low-Vol,Low-Vol,5.433333333333333,1.932142857142857,4.396589587396122,4.344917771323232,0.0,0.0,0.0,0.0,2.979999999999997,Low (0-5),No Tears,High (10-15%)
621381,Matt Strahm,34,32,16.97,16.7,5.88,3.12,0.0,0.0,0.0,0.0,0.0,0.0,2,2,11.76470588235294,12.5,16.3,20.0,15.950000000000001,16.783333333333335,0.7231136603498806,0.6253992485757105,Low-Vol,Low-Vol,8.333823529411765,9.709375,5.23510470776352,4.560461873538688,0.0,0.0,0.0,0.0,-0.2699999999999996,No Tears,No Tears,High (10-15%)
672582,Angel Zerpa,33,36,25.04,20.24,3.03,5.56,3.03,0.0,3.03,0.0,3.03,0.0,5,2,12.121212121212121,11.11111111111111,29.45,27.45,24.650000000000002,23.333333333333332,1.1111607775181036,0.9988252913913799,Normal,Low-Vol,8.172727272727274,8.211111111111112,8.044438013593334,7.283514762914077,0.0,0.0,0.0,0.0,-4.800000000000001,Low (0-5),No Tears,High (10-15%)
621383,Tanner Banks,33,36,18.16,19.1,3.03,5.56,0.0,2.78,0.0,0.0,0.0,0.0,2,3,12.121212121212121,11.11111111111111,24.25,20.15,20.583333333333332,19.133333333333336,0.7443842332066701,0.7517507341614348,Low-Vol,Low-Vol,8.657575757575756,8.45,5.389096648733806,5.481827119804908,0.0,0.0,0.0,0.0,0.9400000000000013,No Tears,Low (0-5),High (10-15%)
682825,Luis Mey,15,8,22.63,16.65,13.33,0.0,0.0,0.0,0.0,0.0,0.0,0.0,2,0,13.333333333333334,12.5,19.2,9.75,18.73333333333333,8.916666666666666,0.9643419574658961,0.4188596893180483,Low-Vol,Low-Vol,10.363333333333335,6.1875,6.9815181184392285,3.0543587122106564,0.0,0.0,0.0,0.0,-5.98,No Tears,No Tears,High (10-15%)
676684,Will Vest,33,31,21.91,20.21,9.09,3.23,0.0,0.0,0.0,0.0,0.0,0.0,2,2,12.121212121212121,12.903225806451612,31.3,20.1,26.349999999999998,19.35,1.0779725056858445,0.8582049268392846,Normal,Low-Vol,13.57878787878788,8.124193548387096,7.804165857722944,6.258099697828166,0.0,0.0,0.0,0.0,-1.6999999999999993,No Tears,No Tears,High (10-15%)
623437,Justin Topa,28,26,20.16,18.0,3.57,7.69,3.57,0.0,0.0,0.0,0.0,0.0,3,2,10.714285714285714,11.538461538461538,21.15,14.0,17.95,13.633333333333333,0.7785368974018131,0.8089190254965967,Low-Vol,Low-Vol,6.387500000000002,6.301923076923078,5.636350687641258,5.898702921307883,0.0,0.0,0.0,0.0,-2.16,Low (0-5),No Tears,High (10-15%)
682842,Abner Uribe,36,39,22.81,21.85,8.33,5.13,5.56,5.13,0.0,2.56,0.0,2.56,3,5,11.11111111111111,10.256410256410255,26.3,24.6,24.566666666666666,23.700000000000003,0.8765174583091722,0.9241726700864559,Low-Vol,Low-Vol,12.518055555555556,13.073076923076924,6.345697673877473,6.739141813959993,0.0,0.0,0.0,0.0,-0.9599999999999973,Moderate (5-15),Moderate (5-15),High (10-15%)
607067,Colin Rea,16,16,28.44,47.01,6.25,6.25,0.0,0.0,0.0,0.0,0.0,0.0,2,2,12.5,12.5,40.15,47.35,33.166666666666664,44.21666666666667,1.6094787049676422,2.1763872456923377,Gamma,Nuclear,17.775,23.55,11.652095662726653,15.87039171959323,0.0,15.384615384615385,0.0,42.650000000000006,18.569999999999997,No Tears,No Tears,High (10-15%)
445276,Kenley Jansen,29,33,22.82,22.56,10.34,9.09,6.9,3.03,0.0,0.0,0.0,0.0,3,3,10.344827586206897,12.121212121212121,15.55,26.4,14.916666666666666,24.116666666666664,0.8960123069480461,0.9245348717388643,Low-Vol,Low-Vol,6.598275862068966,10.865151515151515,6.486833956432453,6.741783017687217,0.0,0.0,0.0,0.0,-0.26000000000000156,Moderate (5-15),Low (0-5),High (10-15%)
656222,Jalen Beeks,36,25,19.9,18.85,0.0,8.0,0.0,0.0,0.0,0.0,0.0,0.0,0,2,11.11111111111111,12.0,20.4,12.75,19.783333333333335,11.850000000000001,1.0225233490141448,0.823429948335401,Normal,Low-Vol,8.438888888888888,4.706,7.4027322283359975,6.0045177436105,0.0,0.0,0.0,0.0,-1.0499999999999972,No Tears,No Tears,High (10-15%)
607074,Carlos Rodón,16,17,53.42,40.67,12.5,0.0,0.0,0.0,0.0,0.0,0.0,0.0,2,0,12.5,11.76470588235294,67.85,48.65,66.26666666666667,44.199999999999996,2.2022294173695443,1.4847928423471415,Nuclear,High-IV,43.012499999999996,30.697058823529414,15.943415568817114,10.827229426719631,23.076923076923077,7.142857142857142,55.86666666666667,35.0,-12.75,No Tears,No Tears,High (10-15%)
656234,Jake Bird,33,15,19.44,17.65,3.03,0.0,0.0,0.0,0.0,0.0,0.0,0.0,2,0,12.121212121212121,13.333333333333334,27.45,6.65,26.233333333333334,4.3,0.8477569011035788,0.8887549528668219,Low-Vol,Low-Vol,15.451515151515153,-3.5700000000000003,6.1374807134178235,6.480872957072549,0.0,0.0,0.0,0.0,-1.7900000000000027,No Tears,No Tears,High (10-15%)
594798,Jacob deGrom,15,15,50.33,42.41,6.67,0.0,0.0,0.0,0.0,0.0,0.0,0.0,2,0,13.333333333333334,13.333333333333334,60.05,44.3,57.68333333333334,43.75,2.202557063806948,1.1928117876608149,Nuclear,Normal,36.22,31.35333333333333,15.945787621097391,8.698079974229671,16.666666666666664,7.6923076923076925,48.575,44.3,-7.920000000000002,No Tears,No Tears,High (10-15%)
623474,Jimmy Herget,26,33,19.41,20.47,3.85,9.09,0.0,0.0,0.0,0.0,0.0,0.0,2,2,11.538461538461538,12.121212121212121,18.25,30.049999999999997,17.21666666666667,26.95,0.9133280392662585,0.9227635887210867,Low-Vol,Low-Vol,7.73653846153846,13.269696969696971,6.612194154625342,6.728866678743385,0.0,0.0,0.0,0.0,1.0599999999999987,No Tears,No Tears,High (10-15%)
686973,Louis Varland,36,38,14.78,18.24,5.56,7.89,0.0,0.0,0.0,0.0,0.0,0.0,2,2,11.11111111111111,10.526315789473683,17.55,22.1,16.750000000000004,19.583333333333336,0.5926628610405739,0.919740965435975,Low-Vol,Low-Vol,10.705555555555556,7.7894736842105265,4.290683891172625,6.706825465420512,0.0,0.0,0.0,0.0,3.459999999999999,No Tears,No Tears,High (10-15%)
592773,Ryne Stanek,30,35,25.56,21.63,6.67,8.57,6.67,2.86,3.33,0.0,0.0,0.0,4,3,10.0,11.428571428571429,22.4,21.950000000000003,18.78333333333333,18.416666666666668,1.1136615881471077,0.9492381187152047,Normal,Low-Vol,5.721666666666667,6.872857142857143,8.062543058781928,6.921921091477326,0.0,0.0,0.0,0.0,-3.9299999999999997,Moderate (5-15),Low (0-5),Medium (5-10%)
641927,Bailey Ober,15,12,50.25,28.8,6.67,8.33,6.67,0.0,6.67,0.0,0.0,0.0,4,2,13.333333333333334,16.666666666666664,41.15,31.950000000000003,39.88333333333333,29.166666666666668,2.143091834925972,1.1258459301848287,Nuclear,Normal,19.893333333333334,18.583333333333332,15.51527895180686,8.209759528460715,8.333333333333332,0.0,41.15,0.0,-21.45,Moderate (5-15),No Tears,High (10-15%)
592779,Brock Stewart,24,19,19.22,19.38,4.17,5.26,0.0,5.26,0.0,0.0,0.0,0.0,2,3,12.5,10.526315789473683,22.95,14.95,19.349999999999998,14.183333333333332,0.776554668751211,0.6211265710153683,Low-Vol,Low-Vol,8.891666666666667,7.410526315789473,5.622000005155728,4.529305163395142,0.0,0.0,0.0,0.0,0.16000000000000014,No Tears,Moderate (5-15),High (10-15%)
656271,Brock Burke,35,34,15.84,16.44,2.86,2.94,0.0,0.0,0.0,0.0,0.0,0.0,2,2,11.428571428571429,11.76470588235294,17.2,19.0,16.183333333333334,17.433333333333334,0.625354080295488,0.6534634760879887,Low-Vol,Low-Vol,6.654285714285715,8.463235294117649,4.527357550111834,4.765108489075141,0.0,0.0,0.0,0.0,0.6000000000000014,No Tears,No Tears,High (10-15%)
686993,Justin Sterner,29,30,24.73,17.88,3.45,6.67,0.0,0.0,0.0,0.0,0.0,0.0,2,2,10.344827586206897,10.0,25.450000000000003,23.75,24.083333333333332,22.566666666666663,1.519397098531978,0.9112344250323804,High-IV,Low-Vol,9.903448275862067,11.315,10.999934504955041,6.64479508518795,0.0,0.0,0.0,0.0,-6.850000000000001,No Tears,No Tears,High (10-15%)
676755,Isaac Mattson,9,35,22.54,20.85,0.0,5.71,0.0,2.86,0.0,0.0,0.0,0.0,0,3,11.11111111111111,11.428571428571429,23.9,23.2,20.933333333333334,21.116666666666664,1.0367009066218367,0.8601658886461957,Normal,Low-Vol,11.549999999999999,8.922857142857143,7.5053730753374275,6.272399189834673,0.0,0.0,0.0,0.0,-1.6899999999999977,No Tears,Low (0-5),High (10-15%)
641941,Emilio Pagán,33,37,24.8,16.19,3.03,10.81,0.0,2.7,0.0,2.7,0.0,0.0,2,4,21.21212121212121,10.81081081081081,21.200000000000003,19.8,18.150000000000002,17.783333333333335,0.6681620179327634,0.5472519591313273,Low-Vol,Low-Vol,9.969696969696969,10.15810810810811,4.83727291769888,3.990605522027006,0.0,0.0,0.0,0.0,-8.61,No Tears,Low (0-5),Elite (15%+)
592791,Jameson Taillon,15,8,47.83,48.8,6.67,0.0,0.0,0.0,0.0,0.0,0.0,0.0,2,0,13.333333333333334,12.5,49.4,47.25,46.166666666666664,41.48333333333333,2.0902870664624857,2.6783624219864763,Nuclear,Nuclear,28.416666666666668,21.53125,15.132989821987623,19.5308352813113,8.333333333333332,20.0,49.4,37.349999999999994,0.9699999999999989,No Tears,No Tears,High (10-15%)
678821,Luis Peralta,9,13,17.21,30.17,0.0,7.69,0.0,0.0,0.0,0.0,0.0,0.0,0,2,11.11111111111111,15.384615384615385,7.55,15.85,7.033333333333332,13.366666666666667,0.5924162880319627,1.3450014404499984,Low-Vol,Normal,4.055555555555555,1.9576923076923074,4.288898783811269,9.807859224321206,0.0,0.0,0.0,0.0,12.96,No Tears,No Tears,High (10-15%)
656302,Dylan Cease,16,16,46.34,44.24,6.25,6.25,0.0,0.0,0.0,0.0,0.0,0.0,2,2,12.5,12.5,51.400000000000006,44.55,48.78333333333334,41.06666666666667,2.302149357289669,1.5491578915939583,Nuclear,High-IV,27.028125000000003,25.446875,16.666803020275566,11.296584568650239,15.384615384615385,8.333333333333332,39.175,42.650000000000006,-2.1000000000000014,No Tears,No Tears,High (10-15%)
592836,Taijuan Walker,17,17,46.29,29.09,11.76,5.88,5.88,5.88,0.0,5.88,0.0,0.0,3,4,11.76470588235294,11.76470588235294,37.6,33.8,30.816666666666663,27.53333333333333,1.4979804152726848,1.248892353585651,High-IV,Normal,12.794117647058824,13.441176470588237,10.8448847727993,9.107023994116396,9.090909090909092,0.0,37.6,0.0,-17.2,Moderate (5-15),Moderate (5-15),High (10-15%)
605130,Scott Barlow,36,39,18.25,20.26,2.78,7.69,0.0,0.0,0.0,0.0,0.0,0.0,2,2,11.11111111111111,10.256410256410255,20.1,25.5,18.75,22.95,0.8824805741080566,1.110295112105574,Low-Vol,Normal,8.491666666666667,8.565384615384616,6.388868668014929,8.096361706006837,0.0,0.0,0.0,0.0,2.0100000000000016,No Tears,No Tears,High (10-15%)
695243,Mason Miller,28,32,18.14,21.57,0.0,9.38,0.0,0.0,0.0,0.0,0.0,0.0,0,2,10.714285714285714,12.5,21.95,29.75,19.366666666666664,27.21666666666667,0.8888464322381646,0.9921689133914827,Low-Vol,Low-Vol,9.942857142857141,13.9859375,6.434955383967382,7.234975916483536,0.0,0.0,0.0,0.0,3.4299999999999997,No Tears,No Tears,High (10-15%)
605135,Chris Bassitt,16,16,48.57,29.38,0.0,6.25,0.0,0.0,0.0,0.0,0.0,0.0,0,2,12.5,12.5,54.1,50.35,50.416666666666664,42.93333333333334,2.1691684825653517,2.1700138178773583,Nuclear,Nuclear,28.725,23.621875000000003,15.704065291085191,15.82391616878283,7.6923076923076925,0.0,54.1,0.0,-19.19,No Tears,No Tears,High (10-15%)
607200,Erick Fedde,15,17,48.98,25.25,0.0,5.88,0.0,0.0,0.0,0.0,0.0,0.0,0,2,13.333333333333334,11.76470588235294,56.2,12.25,46.56666666666666,11.216666666666669,2.0444560024667644,1.2360961441686216,Nuclear,Normal,22.946666666666665,0.7529411764705884,14.801188015381287,9.013713000690865,8.333333333333332,0.0,52.3,0.0,-23.729999999999997,No Tears,No Tears,High (10-15%)
519141,Drew Pomeranz,22,35,21.13,17.54,4.55,5.71,4.55,0.0,0.0,0.0,0.0,0.0,3,2,13.636363636363635,11.428571428571429,16.95,16.75,16.183333333333334,15.333333333333334,0.5741528976885167,0.8138613100894642,Low-Vol,Low-Vol,10.197727272727274,7.332857142857142,4.156677853673626,5.934742460058978,0.0,0.0,0.0,0.0,-3.59,Low (0-5),No Tears,High (10-15%)
682990,Quinn Priester,14,15,31.47,56.79,7.14,6.67,0.0,0.0,0.0,0.0,0.0,0.0,2,2,14.285714285714285,13.333333333333334,43.8,58.650000000000006,40.21666666666666,49.083333333333336,2.082759460369199,2.049685117958602,Nuclear,Nuclear,20.614285714285717,29.653333333333332,15.07849243346078,14.946469562440237,0.0,40.0,0.0,46.67500000000001,25.32,No Tears,No Tears,High (10-15%)
519151,Ryan Pressly,31,13,25.95,27.47,6.45,7.69,3.23,7.69,3.23,0.0,0.0,0.0,4,3,12.903225806451612,15.384615384615385,19.05,11.85,18.45,11.116666666666665,1.1555875648891687,0.6262931328879,Normal,Low-Vol,5.858064516129032,4.769230769230769,8.366073320004967,4.566980150198563,0.0,0.0,0.0,0.0,1.5199999999999996,Low (0-5),Moderate (5-15),High (10-15%)
605177,Andrew Chafin,16,26,16.04,16.32,0.0,7.69,0.0,0.0,0.0,0.0,0.0,0.0,0,2,12.5,11.538461538461538,10.65,14.950000000000001,10.016666666666667,14.316666666666668,0.4898377797034556,0.658328810820139,Low-Vol,Low-Vol,5.421875,7.328846153846153,3.546264172806833,4.800586903221795,0.0,0.0,0.0,0.0,0.28000000000000114,No Tears,No Tears,High (10-15%)
689147,Orion Kerkering,34,35,18.18,18.52,5.88,2.86,0.0,0.0,0.0,0.0,0.0,0.0,2,2,11.76470588235294,11.428571428571429,19.799999999999997,19.8,18.766666666666666,19.083333333333332,0.8099594961659,0.8628089812421745,Low-Vol,Low-Vol,9.148529411764706,8.25,5.863839952109643,6.291672834693769,0.0,0.0,0.0,0.0,0.33999999999999986,No Tears,No Tears,High (10-15%)
683004,Jack Leiter,13,16,52.32,47.96,7.69,6.25,0.0,0.0,0.0,0.0,0.0,0.0,2,2,15.384615384615385,12.5,44.3,48.6,41.85,46.4,2.169453308369916,1.8569912432772526,Nuclear,Gamma,19.592307692307696,26.556250000000002,15.706127336088802,13.5413302522315,20.0,16.666666666666664,44.15,44.025,-4.359999999999999,No Tears,No Tears,Elite (15%+)
668674,Lucas Erceg,29,32,15.06,17.92,6.9,3.12,0.0,0.0,0.0,0.0,0.0,0.0,2,2,10.344827586206897,12.5,18.549999999999997,19.05,16.63333333333333,18.349999999999998,0.6477569016930081,0.7165119445073606,Low-Vol,Low-Vol,8.644827586206898,9.625,4.689546597555076,5.2248630171887855,0.0,0.0,0.0,0.0,2.860000000000001,No Tears,No Tears,High (10-15%)
668678,Zac Gallen,16,17,48.26,51.31,6.25,11.76,0.0,0.0,0.0,0.0,0.0,0.0,2,2,12.5,11.76470588235294,55.25,66.05,48.26666666666667,58.29999999999999,2.3078386724340363,2.574206475524047,Nuclear,Nuclear,23.871875,30.170588235294115,16.707991787864074,18.771321700465126,15.384615384615385,7.142857142857142,44.775000000000006,66.05,3.0500000000000043,No Tears,No Tears,High (10-15%)
672782,Yoendrys Gómez,12,9,29.24,18.45,8.33,0.0,0.0,0.0,0.0,0.0,0.0,0.0,2,0,16.666666666666664,11.11111111111111,15.350000000000001,34.7,14.300000000000002,30.58333333333334,1.114617893383009,0.6213763969133033,Normal,Low-Vol,4.258333333333334,25.48888888888889,8.06946639368353,4.531126914037071,0.0,0.0,0.0,0.0,-10.79,No Tears,No Tears,Elite (15%+)
607259,Nick Martinez,16,24,28.8,31.73,6.25,4.17,0.0,4.17,0.0,0.0,0.0,0.0,2,3,12.5,12.5,38.400000000000006,39.8,37.43333333333333,37.266666666666666,1.743559496162925,1.7355343712717766,Gamma,Gamma,21.378125,15.524999999999999,12.622796424855048,12.655656923838961,0.0,0.0,0.0,0.0,2.9299999999999997,No Tears,Low (0-5),High (10-15%)
666661,Juan Morillo,23,19,19.53,13.36,0.0,0.0,0.0,0.0,0.0,0.0,0.0,0.0,0,0,13.043478260869565,10.526315789473683,16.65,11.45,15.083333333333334,9.6,0.778568371979336,0.440098488659209,Low-Vol,Low-Vol,6.902173913043479,4.515789473684211,5.636578553214819,3.209233753803189,0.0,0.0,0.0,0.0,-6.170000000000002,No Tears,No Tears,High (10-15%)
500779,Jose Quintana,10,14,42.74,35.26,10.0,7.14,0.0,7.14,0.0,0.0,0.0,0.0,2,3,10.0,14.285714285714285,39.900000000000006,40.400000000000006,34.650000000000006,37.1,1.6505824729347893,1.4250954134552805,Gamma,High-IV,20.545,22.221428571428568,11.949673403254351,10.39191094971532,12.5,0.0,39.900000000000006,0.0,-7.480000000000004,No Tears,Moderate (5-15),Medium (5-10%)
656427,Jack Flaherty,15,16,45.86,43.84,6.67,6.25,0.0,0.0,0.0,0.0,0.0,0.0,2,2,13.333333333333334,12.5,53.0,50.4,52.550000000000004,44.0,2.618430603827049,1.8758561855059062,Nuclear,Gamma,30.456666666666667,24.3375,18.956575062369204,13.678894935873537,8.333333333333332,7.142857142857142,40.9,40.5,-2.019999999999996,No Tears,No Tears,High (10-15%)
642100,Gabe Speier,33,43,20.0,20.01,6.06,4.65,0.0,2.33,0.0,0.0,0.0,0.0,2,3,12.121212121212121,11.627906976744185,27.200000000000003,25.5,24.633333333333336,21.583333333333332,0.8849698636447922,0.8320212280584358,Low-Vol,Low-Vol,10.993939393939394,10.12906976744186,6.40689030429054,6.067166049810157,0.0,0.0,0.0,0.0,0.010000000000001563,No Tears,Low (0-5),High (10-15%)
693312,Kyle Nicolas,10,21,20.25,23.3,0.0,0.0,0.0,0.0,0.0,0.0,0.0,0.0,0,0,10.0,14.285714285714285,10.5,26.799999999999997,10.1,20.499999999999996,0.9242117955845671,0.9649133288118976,Low-Vol,Low-Vol,4.36,9.454761904761906,6.690988965267641,7.036225990577349,0.0,0.0,0.0,0.0,3.0500000000000007,No Tears,No Tears,Medium (5-10%)
595014,Blake Treinen,8,24,21.69,26.28,0.0,4.17,0.0,4.17,0.0,4.17,0.0,0.0,0,4,12.5,12.5,14.35,25.85,11.133333333333333,21.2,0.8073090865262693,1.0575189734132537,Low-Vol,Normal,5.18125,6.337500000000001,5.844651859361929,7.711513836606527,0.0,0.0,0.0,0.0,4.59,No Tears,Low (0-5),High (10-15%)
685126,Brandon Eisert,34,38,22.87,17.62,5.88,7.89,2.94,2.63,2.94,0.0,0.0,0.0,4,3,11.76470588235294,10.526315789473683,23.6,19.200000000000003,21.783333333333335,16.616666666666667,0.9917675142295752,0.7087002491793206,Low-Vol,Low-Vol,8.651470588235293,7.55657894736842,7.1800701154476965,5.167899503413611,0.0,0.0,0.0,0.0,-5.25,Low (0-5),Low (0-5),High (10-15%)
656457,Tyler Gilbert,16,30,25.69,17.39,0.0,3.33,0.0,0.0,0.0,0.0,0.0,0.0,0,2,18.75,10.0,16.6,19.7,16.433333333333334,18.733333333333334,0.7612455038898133,0.883738543603421,Low-Vol,Low-Vol,9.081249999999999,9.011666666666667,5.511166694388161,6.444292895232201,0.0,0.0,0.0,0.0,-8.3,No Tears,No Tears,Elite (15%+)
672841,Carlos Vargas,34,36,18.79,19.09,8.82,2.78,2.94,0.0,2.94,0.0,0.0,0.0,4,2,11.76470588235294,11.11111111111111,20.85,19.700000000000003,17.400000000000002,18.71666666666667,0.6798114552792175,0.9296133207070174,Low-Vol,Low-Vol,9.382352941176471,6.495833333333334,4.921611006770119,6.778815478069475,0.0,0.0,0.0,0.0,0.3000000000000007,Low (0-5),No Tears,High (10-15%)
656464,Kevin Ginkel,17,12,29.88,20.8,5.88,0.0,0.0,0.0,0.0,0.0,0.0,0.0,2,0,17.647058823529413,16.666666666666664,17.7,10.95,15.833333333333334,10.166666666666666,1.0976425086437562,0.48831935255343223,Normal,Low-Vol,4.061764705882354,6.320833333333333,7.946570199852038,3.560864191159049,0.0,0.0,0.0,0.0,-9.079999999999998,No Tears,No Tears,Elite (15%+)
605280,Clay Holmes,15,18,30.16,24.4,6.67,5.56,0.0,0.0,0.0,0.0,0.0,0.0,2,2,13.333333333333334,11.11111111111111,49.45,36.3,44.833333333333336,31.933333333333334,1.5624826297045342,1.269636149647049,High-IV,Normal,29.30666666666667,15.830555555555557,11.31185955829839,9.258289431780277,0.0,0.0,0.0,0.0,-5.760000000000002,No Tears,No Tears,High (10-15%)
676961,Caleb Boushley,15,10,19.3,15.82,0.0,0.0,0.0,0.0,0.0,0.0,0.0,0.0,0,0,13.333333333333334,10.0,19.15,6.4,15.300000000000002,5.616666666666667,0.6794178533574958,0.5255631775267755,Low-Vol,Low-Vol,8.620000000000001,1.29,4.918761458509071,3.8324491733963892,0.0,0.0,0.0,0.0,-3.4800000000000004,No Tears,No Tears,High (10-15%)
676962,Ben Brown,15,10,30.46,21.55,6.67,10.0,0.0,0.0,0.0,0.0,0.0,0.0,2,2,13.333333333333334,10.0,51.25,20.25,43.833333333333336,17.900000000000002,1.9498641711720273,1.074040133722201,Gamma,Normal,23.61666666666667,9.385,14.116374315295122,7.831987473035039,0.0,0.0,0.0,0.0,-8.91,No Tears,No Tears,High (10-15%)
689254,Mason Fluharty,33,22,22.53,28.76,9.09,9.09,3.03,4.55,0.0,0.0,0.0,0.0,3,3,12.121212121212121,13.636363636363635,20.25,28.5,19.483333333333334,22.866666666666664,0.9768658036519938,1.1615236288377986,Low-Vol,Normal,10.013636363636364,7.915909090909091,7.072186639479784,8.469924190975135,0.0,0.0,0.0,0.0,6.23,Low (0-5),Low (0-5),High (10-15%)
701542,Will Warren,16,17,53.71,27.49,6.25,0.0,6.25,0.0,0.0,0.0,0.0,0.0,3,0,12.5,11.76470588235294,54.8,44.849999999999994,51.9,38.53333333333333,2.363940866799135,1.44590793486765,Nuclear,High-IV,28.734375,20.841176470588238,17.114153195041037,10.543677538193766,16.666666666666664,0.0,46.25,0.0,-26.220000000000002,Moderate (5-15),No Tears,High (10-15%)
642152,Lou Trivino,26,21,19.12,22.51,7.69,9.52,0.0,4.76,0.0,0.0,0.0,0.0,2,3,11.538461538461538,14.285714285714285,18.6,12.450000000000001,16.083333333333332,11.566666666666668,0.8931416006442928,0.6080742133828818,Low-Vol,Low-Vol,7.11923076923077,5.154761904761905,6.46605098840207,4.4341263164772595,0.0,0.0,0.0,0.0,3.3900000000000006,No Tears,Low (0-5),High (10-15%)
676979,Garrett Crochet,16,16,57.32,51.25,0.0,0.0,0.0,0.0,0.0,0.0,0.0,0.0,0,0,12.5,12.5,66.35,69.85,62.79999999999999,65.61666666666666,1.7784344954970344,2.5706136736777645,Gamma,Nuclear,47.6625,42.41875,12.875279932231892,18.745122698984925,50.0,28.57142857142857,42.883333333333326,42.95,-6.07,No Tears,No Tears,High (10-15%)
695418,Brad Lord,27,21,23.25,32.47,3.7,9.52,3.7,4.76,3.7,0.0,0.0,0.0,4,3,11.11111111111111,14.285714285714285,27.55,36.45,24.083333333333332,34.21666666666666,1.0303499653136914,1.4030532675866505,Normal,High-IV,12.31111111111111,16.900000000000002,7.459394352262394,10.231177840307536,0.0,0.0,0.0,0.0,9.219999999999999,Low (0-5),Low (0-5),High (10-15%)
547973,Aroldis Chapman,35,32,19.57,17.31,0.0,6.25,0.0,0.0,0.0,0.0,0.0,0.0,0,2,14.285714285714285,12.5,21.85,19.0,20.916666666666668,18.883333333333333,0.7103810626480546,0.6635163675176302,Low-Vol,Low-Vol,13.29,11.167187499999999,5.142924894511705,4.838414985985897,0.0,0.0,0.0,0.0,-2.2600000000000016,No Tears,No Tears,High (10-15%)
695445,Chase Lee,20,12,16.28,27.77,5.0,8.33,0.0,0.0,0.0,0.0,0.0,0.0,2,2,10.0,16.666666666666664,21.0,19.05,18.71666666666667,17.23333333333333,0.7375723958486439,1.0149277775202807,Low-Vol,Normal,10.779999999999998,6.779166666666666,5.3397811900764935,7.400935393378982,0.0,0.0,0.0,0.0,11.489999999999998,No Tears,No Tears,Medium (5-10%)
642207,Devin Williams,32,35,25.09,33.37,3.12,8.57,3.12,8.57,0.0,5.71,0.0,0.0,3,4,12.5,17.142857142857142,26.4,23.7,23.23333333333333,22.2,1.0918038411930935,1.109221659821267,Normal,Normal,7.845312499999999,10.409999999999998,7.904300170762502,8.088534005179255,0.0,0.0,0.0,0.0,8.279999999999998,Low (0-5),Moderate (5-15),High (10-15%)
656546,Jeff Hoffman,34,37,23.24,23.82,5.88,5.41,0.0,2.7,0.0,0.0,0.0,0.0,2,3,11.76470588235294,10.81081081081081,34.05,28.65,25.849999999999998,24.316666666666663,1.2266293009503104,1.1878124023946282,Normal,Normal,10.55,8.864864864864867,8.88039208798596,8.66162405275311,0.0,0.0,0.0,0.0,0.5800000000000018,No Tears,Low (0-5),High (10-15%)
666808,Camilo Doval,36,33,16.71,18.3,5.56,6.06,0.0,0.0,0.0,0.0,0.0,0.0,2,2,11.11111111111111,12.121212121212121,23.049999999999997,16.6,20.966666666666665,16.166666666666668,0.7301304908235106,0.7936540592105484,Low-Vol,Low-Vol,11.448611111111111,7.068181818181818,5.285904249053205,5.787389553236338,0.0,0.0,0.0,0.0,1.5899999999999999,No Tears,No Tears,High (10-15%)
693433,Bryan Woo,14,16,47.85,54.71,7.14,0.0,0.0,0.0,0.0,0.0,0.0,0.0,2,0,14.285714285714285,12.5,48.6,66.8,44.083333333333336,63.73333333333333,1.5640134793967735,2.2050873661696926,High-IV,Nuclear,29.546428571428574,42.75625,11.322942405809309,16.079675318032184,16.666666666666664,23.076923076923077,38.775,60.21666666666666,6.859999999999999,No Tears,No Tears,High (10-15%)
642239,Rob Zastryzny,13,13,23.15,24.21,15.38,7.69,0.0,0.0,0.0,0.0,0.0,0.0,2,2,15.384615384615385,15.384615384615385,18.75,10.8,17.75,10.116666666666665,0.7968101659138576,0.7966797247588125,Low-Vol,Low-Vol,10.515384615384615,3.634615384615385,5.768643132465692,5.809452950988034,0.0,0.0,0.0,0.0,1.0600000000000023,No Tears,No Tears,Elite (15%+)
668881,Hunter Greene,11,8,59.64,56.55,9.09,0.0,0.0,0.0,0.0,0.0,0.0,0.0,2,0,18.181818181818183,12.5,68.45,65.35,63.56666666666667,56.81666666666666,2.9840414564361666,2.9985398430927335,Nuclear,Nuclear,37.79545454545455,35.93125,21.603477203282054,21.865594916933507,25.0,42.857142857142854,51.425000000000004,40.36666666666667,-3.0900000000000034,No Tears,No Tears,Elite (15%+)
605400,Aaron Nola,9,8,49.59,48.77,0.0,0.0,0.0,0.0,0.0,0.0,0.0,0.0,0,0,11.11111111111111,12.5,53.25,43.4,42.4,38.13333333333333,2.325162655118247,2.238081490196835,Nuclear,Nuclear,24.083333333333332,23.6625,16.833411715989126,16.320271137453567,14.285714285714285,16.666666666666664,53.25,43.4,-0.8200000000000003,No Tears,No Tears,High (10-15%)
656605,Mitch Keller,16,16,29.02,53.01,0.0,12.5,0.0,0.0,0.0,0.0,0.0,0.0,0,2,12.5,18.75,41.45,47.95,39.23333333333334,47.68333333333334,1.7026153319238886,2.2372594457864787,Gamma,Nuclear,21.6375,22.381249999999998,12.326374162745507,16.314276723164898,0.0,7.142857142857142,0.0,47.95,23.99,No Tears,No Tears,High (10-15%)
607455,Anthony Banda,35,36,20.49,17.3,2.86,8.33,2.86,0.0,2.86,0.0,0.0,0.0,4,2,11.428571428571429,11.11111111111111,23.55,24.25,21.2,20.349999999999998,0.8162222594723728,0.7722532253655319,Low-Vol,Low-Vol,7.920000000000002,8.662500000000001,5.909180295498344,5.631332942943946,0.0,0.0,0.0,0.0,-3.1899999999999977,Low (0-5),No Tears,High (10-15%)
683232,Nick Mears,33,30,25.52,16.72,12.12,3.33,9.09,0.0,0.0,0.0,0.0,0.0,3,2,12.121212121212121,10.0,22.5,17.65,19.583333333333332,17.349999999999998,0.8207747101734442,0.8182358480315269,Low-Vol,Low-Vol,10.016666666666667,7.676666666666667,5.942138538999799,5.966641944339716,0.0,0.0,0.0,0.0,-8.8,Moderate (5-15),No Tears,High (10-15%)
687330,Kevin Kelly,14,27,18.78,23.77,7.14,3.7,0.0,0.0,0.0,0.0,0.0,0.0,2,2,14.285714285714285,11.11111111111111,13.8,22.200000000000003,10.816666666666668,20.433333333333334,0.5337683866181043,1.2529276111587846,Low-Vol,Normal,5.446428571428571,5.548148148148148,3.8643072961555323,9.136449418521837,0.0,0.0,0.0,0.0,4.989999999999998,No Tears,No Tears,High (10-15%)
681190,Randy Vásquez,16,12,43.61,51.44,6.25,8.33,0.0,0.0,0.0,0.0,0.0,0.0,2,2,12.5,16.666666666666664,41.8,47.8,33.78333333333333,35.11666666666667,1.7574027179226412,1.9965714316609562,Gamma,Gamma,15.903125,15.137499999999998,12.723016790447145,14.559160268616893,7.6923076923076925,10.0,41.8,47.8,7.829999999999998,No Tears,No Tears,High (10-15%)
670955,Edwin Uceta,33,37,20.36,21.74,3.03,2.7,0.0,2.7,0.0,0.0,0.0,0.0,2,3,12.121212121212121,10.81081081081081,23.65,33.650000000000006,20.666666666666668,31.900000000000002,0.9456647074931038,0.9486358808042092,Low-Vol,Low-Vol,8.56060606060606,16.347297297297295,6.846300980910211,6.917529523949624,0.0,0.0,0.0,0.0,1.379999999999999,No Tears,Low (0-5),High (10-15%)
668909,Gavin Williams,15,16,45.44,49.72,0.0,0.0,0.0,0.0,0.0,0.0,0.0,0.0,0,0,13.333333333333334,12.5,42.7,64.15,42.28333333333334,56.35,2.1211638038899867,2.4996554057475766,Nuclear,Nuclear,23.710000000000004,33.478125,15.356527230185495,18.227689273465245,8.333333333333332,15.384615384615385,42.25,50.45,4.280000000000001,No Tears,No Tears,High (10-15%)
607481,Aaron Bummer,26,16,27.43,25.44,7.69,12.5,7.69,0.0,0.0,0.0,0.0,0.0,3,2,11.538461538461538,12.5,21.05,22.15,20.483333333333334,19.883333333333333,1.0799834006040818,1.2243635128457704,Normal,Normal,8.123076923076924,7.425000000000001,7.8187240745435025,8.928157704700338,0.0,0.0,0.0,0.0,-1.9899999999999984,Moderate (5-15),No Tears,High (10-15%)
670970,Adrian Morejon,36,39,18.15,22.57,0.0,5.13,0.0,2.56,0.0,0.0,0.0,0.0,0,3,11.11111111111111,10.256410256410255,22.049999999999997,27.5,21.45,27.133333333333336,0.8598997468146075,1.1415147371143504,Low-Vol,Normal,11.222222222222221,13.138461538461542,6.225390916520188,8.324017735148137,0.0,0.0,0.0,0.0,4.420000000000002,No Tears,Low (0-5),High (10-15%)
656641,Jacob Latz,16,17,23.46,38.52,0.0,0.0,0.0,0.0,0.0,0.0,0.0,0.0,0,0,12.5,11.76470588235294,27.15,35.25,24.55,30.183333333333337,1.0791899820074289,1.3099677016563218,Normal,Normal,13.271875,15.226470588235292,7.812979985255306,9.552390369153988,0.0,8.333333333333332,0.0,35.25,15.060000000000002,No Tears,No Tears,High (10-15%)
668933,Graham Ashcraft,29,33,25.51,20.55,10.34,6.06,3.45,3.03,0.0,3.03,0.0,0.0,3,4,10.344827586206897,12.121212121212121,34.05,22.4,26.099999999999994,18.116666666666667,1.2962923248582385,0.7808621561135286,Normal,Low-Vol,10.274137931034483,8.284848484848483,9.384729434124573,5.69410996184441,0.0,0.0,0.0,0.0,-4.960000000000001,Low (0-5),Low (0-5),High (10-15%)
605447,Jordan Romano,31,18,22.57,18.8,9.68,0.0,0.0,0.0,0.0,0.0,0.0,0.0,2,0,12.903225806451612,11.11111111111111,18.15,10.15,17.283333333333335,9.816666666666666,1.0742281374085516,0.7504571675177194,Normal,Low-Vol,5.9790322580645165,2.9694444444444446,7.777057864787818,5.472394327276007,0.0,0.0,0.0,0.0,-3.7699999999999996,No Tears,No Tears,High (10-15%)
570632,José Ureña,9,10,18.02,26.55,0.0,10.0,0.0,0.0,0.0,0.0,0.0,0.0,0,2,11.11111111111111,10.0,9.55,29.65,8.6,23.733333333333334,0.635848700519884,1.4782025255370872,Low-Vol,High-IV,4.677777777777778,11.45,4.603335143615381,10.779172303825352,0.0,0.0,0.0,0.0,8.530000000000001,No Tears,No Tears,High (10-15%)
605452,Joe Ross,26,11,19.87,22.89,11.54,0.0,0.0,0.0,0.0,0.0,0.0,0.0,2,0,11.538461538461538,18.181818181818183,18.1,11.05,16.700000000000003,9.516666666666667,0.9234906598079424,0.5013032382527506,Low-Vol,Low-Vol,6.251923076923077,5.1499999999999995,6.6857681797865345,3.6555437352054754,0.0,0.0,0.0,0.0,3.0199999999999996,No Tears,No Tears,High (10-15%)
668941,JoJo Romero,29,36,14.52,19.98,10.34,5.56,0.0,2.78,0.0,0.0,0.0,0.0,2,3,10.344827586206897,11.11111111111111,12.95,24.7,11.716666666666667,21.849999999999998,0.6159786249944528,0.8172555538642885,Low-Vol,Low-Vol,5.11551724137931,9.252777777777776,4.45948234200122,5.959493560032052,0.0,0.0,0.0,0.0,5.460000000000001,No Tears,Low (0-5),High (10-15%)
615698,Cal Quantrill,14,12,29.69,40.16,0.0,8.33,0.0,8.33,0.0,0.0,0.0,0.0,0,3,14.285714285714285,16.666666666666664,25.0,33.75,23.616666666666664,31.45,1.5083620938057607,1.9654287969889115,High-IV,Gamma,13.110714285714284,13.80833333333333,10.920044705660612,14.332065659234402,0.0,0.0,0.0,0.0,10.469999999999995,No Tears,Moderate (5-15),High (10-15%)
664854,Ryan Helsley,27,31,15.13,22.61,7.41,6.45,0.0,3.23,0.0,0.0,0.0,0.0,2,3,11.11111111111111,12.903225806451612,17.55,17.8,15.366666666666667,15.9,0.5792613371829751,0.8201657540545381,Low-Vol,Low-Vol,7.9111111111111105,4.538709677419354,4.193661272896856,5.98071497505969,0.0,0.0,0.0,0.0,7.479999999999999,No Tears,Low (0-5),High (10-15%)
677161,Zack Kelly,15,13,18.83,23.31,0.0,7.69,0.0,0.0,0.0,0.0,0.0,0.0,0,2,13.333333333333334,15.384615384615385,13.55,17.0,13.283333333333333,15.85,0.6694186828811536,0.8240292155040605,Low-Vol,Low-Vol,8.836666666666668,8.961538461538462,4.8463707579806075,6.008887648244954,0.0,0.0,0.0,0.0,4.48,No Tears,No Tears,High (10-15%)
806188,Cade Gibson,15,29,22.71,18.34,6.67,6.9,0.0,0.0,0.0,0.0,0.0,0.0,2,2,13.333333333333334,10.344827586206897,20.55,22.849999999999994,16.866666666666667,20.93333333333333,0.9285870305570963,0.9283199030309766,Low-Vol,Low-Vol,7.42,10.620689655172415,6.722664225269197,6.769383771824899,0.0,0.0,0.0,0.0,-4.370000000000001,No Tears,No Tears,High (10-15%)
605488,Jeffrey Springs,16,16,28.93,51.23,6.25,6.25,0.0,6.25,0.0,0.0,0.0,0.0,2,3,12.5,12.5,42.75,48.599999999999994,39.61666666666667,44.23333333333333,1.7096911475093053,1.8899443382526833,Gamma,Gamma,23.35,20.934375,12.37760073681487,13.781626884491297,0.0,7.6923076923076925,0.0,48.599999999999994,22.299999999999997,No Tears,Moderate (5-15),High (10-15%)
607536,Kyle Freeland,14,17,44.45,47.92,7.14,5.88,0.0,0.0,0.0,0.0,0.0,0.0,2,2,14.285714285714285,11.76470588235294,35.9,55.55,33.449999999999996,43.383333333333326,1.5784826361366582,2.0783473271329296,High-IV,Nuclear,15.52142857142857,18.423529411764704,11.427694334475252,15.155476708593032,9.090909090909092,7.6923076923076925,35.9,55.55,3.469999999999999,No Tears,No Tears,High (10-15%)
660787,Yerry De los Santos,14,11,18.96,29.04,0.0,0.0,0.0,0.0,0.0,0.0,0.0,0.0,0,0,14.285714285714285,18.181818181818183,13.9,22.2,12.166666666666666,17.183333333333334,0.5525834205232416,1.003727867201334,Low-Vol,Normal,6.6071428571428585,7.318181818181819,4.000521943968789,7.319264742010385,0.0,0.0,0.0,0.0,10.079999999999998,No Tears,No Tears,High (10-15%)
668984,Casey Legumina,29,19,20.01,19.96,3.45,5.26,0.0,0.0,0.0,0.0,0.0,0.0,2,2,10.344827586206897,10.526315789473683,21.3,17.5,20.78333333333333,15.25,1.1110809254452598,0.9582162678620302,Normal,Low-Vol,11.574137931034482,5.33421052631579,8.043859910889166,6.987390480787098,0.0,0.0,0.0,0.0,-0.05000000000000071,No Tears,No Tears,High (10-15%)
650556,Bryan Abreu,35,35,19.59,38.61,0.0,2.86,0.0,2.86,0.0,2.86,0.0,0.0,0,4,14.285714285714285,11.428571428571429,19.95,35.75,19.55,32.68333333333333,0.7111499317103814,1.2325344332608468,Low-Vol,Normal,11.222857142857142,13.448571428571428,5.1484912532579825,8.987740716847439,0.0,7.142857142857142,0.0,35.75,19.02,No Tears,Low (0-5),High (10-15%)
660825,Eduard Bazardo,33,40,20.89,18.8,9.09,2.5,3.03,2.5,0.0,0.0,0.0,0.0,3,3,12.121212121212121,10.0,20.9,27.3,18.05,25.416666666666668,0.823639897994944,0.8241718409044049,Low-Vol,Low-Vol,8.742424242424242,12.750000000000002,5.962881555036453,6.009927684193111,0.0,0.0,0.0,0.0,-2.09,Low (0-5),Low (0-5),High (10-15%)
656730,Trevor Megill,30,20,15.91,17.23,3.33,0.0,0.0,0.0,0.0,0.0,0.0,0.0,2,0,10.0,10.0,18.3,27.8,16.433333333333334,20.766666666666666,0.7598172323867574,0.8032967268935925,Low-Vol,Low-Vol,7.723333333333333,10.682500000000001,5.500826479177741,5.857704665427271,0.0,0.0,0.0,0.0,1.3200000000000003,No Tears,No Tears,Medium (5-10%)
669020,Ryan Rolison,14,17,23.29,22.49,14.29,11.76,0.0,5.88,0.0,0.0,0.0,0.0,2,3,14.285714285714285,11.76470588235294,13.850000000000001,10.4,11.033333333333333,10.033333333333333,0.7896720529738006,0.6793202819416911,Low-Vol,Low-Vol,2.532142857142858,3.8323529411764707,5.716965546069441,4.9536584074446495,0.0,0.0,0.0,0.0,-0.8000000000000007,No Tears,Moderate (5-15),High (10-15%)
642397,Gregory Soto,33,37,21.88,15.09,6.06,5.41,3.03,0.0,3.03,0.0,0.0,0.0,4,2,12.121212121212121,10.81081081081081,21.8,13.55,18.933333333333334,13.15,0.8953915376302773,0.6418065068975735,Low-Vol,Low-Vol,8.266666666666667,5.581081081081082,6.482339791052817,4.680104927470337,0.0,0.0,0.0,0.0,-6.789999999999999,Low (0-5),No Tears,High (10-15%)
666974,Yennier Cano,32,33,21.31,22.21,6.25,3.03,3.12,3.03,3.12,0.0,0.0,0.0,4,3,12.5,12.121212121212121,19.55,22.1,16.333333333333336,19.5,0.7965534425751528,0.8728284344805195,Low-Vol,Low-Vol,6.2765625,6.172727272727273,5.76678454005797,6.364735497610679,0.0,0.0,0.0,0.0,0.9000000000000021,Low (0-5),Low (0-5),High (10-15%)
669022,MacKenzie Gore,16,14,57.03,44.95,6.25,7.14,6.25,0.0,0.0,0.0,0.0,0.0,3,2,12.5,14.285714285714285,58.4,54.400000000000006,54.96666666666667,37.36666666666667,1.728340128966278,2.432807095110668,Gamma,Nuclear,37.346875,15.232142857142858,12.512613219600984,17.740225988748513,30.76923076923077,9.090909090909092,44.775,35.1,-12.079999999999998,Moderate (5-15),No Tears,High (10-15%)
687473,Ryan Gusto,17,10,48.08,27.05,11.76,10.0,5.88,0.0,0.0,0.0,0.0,0.0,3,2,11.76470588235294,10.0,45.55,24.05,40.166666666666664,20.45,2.0452673436828728,1.6076288370310499,Nuclear,Gamma,17.179411764705883,7.649999999999999,14.807061858530641,11.722959429161982,9.090909090909092,0.0,40.75,0.0,-21.029999999999998,Moderate (5-15),No Tears,High (10-15%)
660853,Enyel De Los Santos,31,34,20.15,21.54,6.45,2.94,0.0,0.0,0.0,0.0,0.0,0.0,2,2,12.903225806451612,11.76470588235294,22.55,22.85,20.666666666666668,20.083333333333332,0.8449001941623828,1.0971763317081626,Low-Vol,Normal,8.883870967741936,7.855882352941175,6.116799096160974,8.000698498917968,0.0,0.0,0.0,0.0,1.3900000000000006,No Tears,No Tears,High (10-15%)
671096,Andrew Abbott,13,16,56.41,29.16,0.0,0.0,0.0,0.0,0.0,0.0,0.0,0.0,0,0,15.384615384615385,12.5,56.550000000000004,47.0,50.866666666666674,42.1,2.219878730150849,1.6215100689867115,Nuclear,Gamma,32.72692307692308,23.66875,16.071190779681604,11.82418249464489,30.0,0.0,47.300000000000004,0.0,-27.249999999999996,No Tears,No Tears,Elite (15%+)
681343,Shane Smith,14,15,30.11,50.53,0.0,6.67,0.0,0.0,0.0,0.0,0.0,0.0,0,2,14.285714285714285,13.333333333333334,39.55,52.75,38.199999999999996,45.68333333333334,1.4470078063422447,2.324304553853229,High-IV,Nuclear,25.603571428571428,24.733333333333334,10.475859874487158,16.94901668730864,0.0,16.666666666666664,0.0,49.275,20.42,No Tears,No Tears,High (10-15%)
671106,Logan Allen,14,16,46.85,28.81,7.14,6.25,0.0,0.0,0.0,0.0,0.0,0.0,2,2,14.285714285714285,12.5,43.5,40.8,37.88333333333333,35.86666666666667,2.07922113539741,1.587103664281146,Nuclear,High-IV,15.182142857142859,18.4,15.052876126186973,11.573288210357504,9.090909090909092,0.0,41.25,0.0,-18.040000000000003,No Tears,No Tears,High (10-15%)
607625,Seth Lugo,14,12,49.96,53.81,14.29,8.33,0.0,0.0,0.0,0.0,0.0,0.0,2,2,14.285714285714285,16.666666666666664,56.1,52.8,53.81666666666667,43.4,2.2758946047592596,2.6358338714477267,Nuclear,Nuclear,30.182142857142857,19.74166666666667,16.476727260253817,19.22071365307057,9.090909090909092,10.0,50.400000000000006,52.8,3.8500000000000014,No Tears,No Tears,High (10-15%)
595345,Steven Okert,30,38,18.3,20.33,6.67,5.26,3.33,2.63,3.33,2.63,0.0,0.0,4,4,10.0,10.526315789473683,17.85,26.65,17.5,22.316666666666663,0.7782568774462439,0.9075644579449449,Low-Vol,Low-Vol,11.168333333333335,9.014473684210527,5.6343234354013285,6.618033388531762,0.0,0.0,0.0,0.0,2.0299999999999976,Low (0-5),Low (0-5),Medium (5-10%)
683409,Angel Chivilli,20,23,26.29,21.33,10.0,4.35,5.0,0.0,0.0,0.0,0.0,0.0,3,2,10.0,13.043478260869565,22.0,14.3,18.466666666666665,12.35,1.2025137988123014,0.829661561089837,Normal,Low-Vol,5.587500000000001,3.1717391304347835,8.7058037961375,6.049959167536072,0.0,0.0,0.0,0.0,-4.960000000000001,Low (0-5),No Tears,Medium (5-10%)
656794,Sean Newcomb,19,29,25.63,16.27,5.26,0.0,5.26,0.0,5.26,0.0,0.0,0.0,4,0,10.526315789473683,10.344827586206897,27.1,21.200000000000003,25.099999999999998,20.21666666666667,1.1177119769514774,0.7528650440533573,Normal,Low-Vol,12.294736842105264,12.362068965517244,8.091866539530125,5.489952757609867,0.0,0.0,0.0,0.0,-9.36,Moderate (5-15),No Tears,High (10-15%)
671131,Jackson Rutledge,26,37,21.32,20.07,7.69,5.41,0.0,0.0,0.0,0.0,0.0,0.0,2,2,11.538461538461538,10.81081081081081,19.8,26.1,17.833333333333332,21.900000000000002,1.0566882574688332,1.0384485625404627,Normal,Normal,6.676923076923076,7.751351351351353,7.650074911649307,7.572450859002785,0.0,0.0,0.0,0.0,-1.25,No Tears,No Tears,High (10-15%)
660896,Jorge Alcala,24,32,22.4,18.13,8.33,3.12,0.0,3.12,0.0,3.12,0.0,0.0,2,4,12.5,12.5,16.15,13.7,15.633333333333331,13.549999999999999,1.0076109666549595,0.5523835587036654,Normal,Low-Vol,4.572916666666667,7.071875,7.29477149218455,4.028025560911306,0.0,0.0,0.0,0.0,-4.27,No Tears,Low (0-5),High (10-15%)
669093,Jeremiah Estrada,37,40,21.91,19.37,5.41,5.0,2.7,0.0,0.0,0.0,0.0,0.0,3,2,10.81081081081081,10.0,24.0,29.45,22.816666666666663,27.166666666666668,1.037043556249022,1.0413349763680555,Normal,Normal,10.486486486486488,12.5825,7.507853745769684,7.593498821951206,0.0,0.0,0.0,0.0,-2.539999999999999,Low (0-5),No Tears,High (10-15%)
554430,Zack Wheeler,15,9,53.62,54.01,0.0,0.0,0.0,0.0,0.0,0.0,0.0,0.0,0,0,13.333333333333334,11.11111111111111,64.1,85.94999999999999,62.199999999999996,70.16666666666666,2.1397951954061707,2.9683244547648124,Nuclear,Nuclear,43.73000000000001,44.038888888888884,15.491412367594414,21.64526186284451,15.384615384615385,25.0,61.25,55.925,0.39000000000000057,No Tears,No Tears,High (10-15%)
679358,Eric Orze,25,8,21.01,20.05,8.0,0.0,4.0,0.0,0.0,0.0,0.0,0.0,3,0,12.0,12.5,21.0,11.149999999999999,18.616666666666667,8.716666666666667,0.7351471298454402,0.6679963789770431,Low-Vol,Low-Vol,9.822,4.05625,5.322223063094343,4.871083591680896,0.0,0.0,0.0,0.0,-0.9600000000000009,Low (0-5),No Tears,High (10-15%)
640448,Kyle Finnegan,27,29,15.34,27.2,7.41,6.9,0.0,3.45,0.0,0.0,0.0,0.0,2,3,11.11111111111111,10.344827586206897,14.950000000000001,25.05,13.049999999999999,23.583333333333332,0.6080150675463286,1.4907502578961813,Low-Vol,High-IV,6.292592592592593,9.589655172413796,4.401828809267447,10.87067138245926,0.0,0.0,0.0,0.0,11.86,No Tears,Low (0-5),High (10-15%)
656849,David Peterson,15,15,46.64,44.5,6.67,13.33,0.0,0.0,0.0,0.0,0.0,0.0,2,2,13.333333333333334,13.333333333333334,54.0,56.35,49.86666666666667,41.21666666666666,1.6498151031552617,2.4801925552063704,Gamma,Nuclear,32.99666666666666,17.483333333333334,11.944117898821679,18.085764594077325,16.666666666666664,8.333333333333332,36.724999999999994,37.0,-2.1400000000000006,No Tears,No Tears,High (10-15%)
642528,Jonathan Loáisiga,15,15,18.74,27.5,6.67,6.67,0.0,6.67,0.0,0.0,0.0,0.0,2,3,13.333333333333334,13.333333333333334,15.95,14.450000000000001,15.299999999999999,10.833333333333334,0.6136381238557643,0.8078294282760027,Low-Vol,Low-Vol,7.859999999999999,3.0566666666666666,4.4425378847166686,5.890757490299853,0.0,0.0,0.0,0.0,8.760000000000002,No Tears,Moderate (5-15),High (10-15%)
669160,Dustin May,14,11,49.41,35.92,7.14,0.0,0.0,0.0,0.0,0.0,0.0,0.0,2,0,14.285714285714285,18.181818181818183,50.95,43.4,40.75,35.21666666666667,2.097071331318698,2.0552930228995154,Nuclear,Nuclear,19.60357142857143,16.236363636363635,15.182105664814166,14.987362858573402,8.333333333333332,0.0,50.95,0.0,-13.489999999999995,No Tears,No Tears,High (10-15%)
656876,Drew Rasmussen,15,16,47.64,33.99,6.67,6.25,0.0,6.25,0.0,0.0,0.0,0.0,2,3,13.333333333333334,12.5,56.349999999999994,43.25,48.98333333333333,42.35,2.0940989263125678,1.645738363165946,Nuclear,Gamma,29.96333333333333,21.984375,15.16058643167806,12.000857174246624,16.666666666666664,0.0,39.425,0.0,-13.649999999999999,No Tears,Moderate (5-15),High (10-15%)
642547,Freddy Peralta,16,17,47.03,49.28,6.25,5.88,0.0,0.0,0.0,0.0,0.0,0.0,2,2,12.5,11.76470588235294,51.05,56.5,47.199999999999996,56.21666666666667,1.563218098913566,2.160160997796339,High-IV,Nuclear,31.428125,35.48823529411765,11.317184113108702,15.752068608318606,7.6923076923076925,14.285714285714285,51.05,53.3,2.25,No Tears,No Tears,High (10-15%)
624133,Ranger Suárez,9,17,29.73,51.71,0.0,11.76,0.0,0.0,0.0,0.0,0.0,0.0,0,2,11.11111111111111,11.76470588235294,58.3,71.95,54.03333333333334,62.71666666666667,2.4507671594316682,3.054247617804942,Nuclear,Nuclear,39.272222222222226,28.664705882352937,17.742746953176233,22.271820513163902,0.0,21.428571428571427,0.0,52.04999999999999,21.98,No Tears,No Tears,High (10-15%)
669194,Ryne Nelson,16,17,42.77,49.02,6.25,5.88,0.0,5.88,0.0,0.0,0.0,0.0,2,3,12.5,11.76470588235294,37.400000000000006,47.35,35.550000000000004,42.81666666666666,1.6683722121187314,1.7483809664712704,Gamma,Gamma,16.321875,26.335294117647063,12.078465255017571,12.749335334463058,8.333333333333332,7.142857142857142,37.400000000000006,47.35,6.25,No Tears,Moderate (5-15),High (10-15%)
669199,Lake Bachar,26,27,21.62,19.82,7.69,3.7,0.0,0.0,0.0,0.0,0.0,0.0,2,2,11.538461538461538,11.11111111111111,25.0,25.25,22.95,21.916666666666668,1.086291445964786,0.966475760303041,Normal,Low-Vol,10.555769230769233,10.298148148148146,7.864392245088961,7.04761936730686,0.0,0.0,0.0,0.0,-1.8000000000000007,No Tears,No Tears,High (10-15%)
642585,Félix Bautista,27,8,18.67,24.6,7.41,0.0,0.0,0.0,0.0,0.0,0.0,0.0,2,0,11.11111111111111,12.5,20.4,23.2,19.45,21.916666666666668,0.8881361772895877,1.0758518581049241,Low-Vol,Normal,9.5,13.45,6.429813372097203,7.845198713681053,0.0,0.0,0.0,0.0,5.93,No Tears,No Tears,High (10-15%)
572955,Pierce Johnson,29,36,15.71,14.79,6.9,2.78,0.0,0.0,0.0,0.0,0.0,0.0,2,2,10.344827586206897,11.11111111111111,17.5,20.25,16.583333333333332,17.033333333333335,0.6884490288647135,0.5638888389799894,Low-Vol,Low-Vol,7.451724137931034,7.854166666666667,4.984144194317986,4.111922994693081,0.0,0.0,0.0,0.0,-0.9200000000000017,No Tears,No Tears,High (10-15%)
669211,Keegan Akin,35,29,17.61,13.96,8.57,3.45,0.0,0.0,0.0,0.0,0.0,0.0,2,2,11.428571428571429,10.344827586206897,20.35,15.3,19.7,14.300000000000002,0.7801284122760634,0.563744688083816,Low-Vol,Low-Vol,9.664285714285713,7.613793103448275,5.647872731086866,4.110871834706028,0.0,0.0,0.0,0.0,-3.6499999999999986,No Tears,No Tears,High (10-15%)
472610,Luis García,26,32,22.0,17.51,3.85,3.12,3.85,0.0,0.0,0.0,0.0,0.0,3,2,11.538461538461538,12.5,18.4,14.15,16.9,13.85,0.8892595747629233,0.7134604932962992,Low-Vol,Low-Vol,7.7153846153846155,7.134375,6.437946399757755,5.2026115882996375,0.0,0.0,0.0,0.0,-4.489999999999998,Low (0-5),No Tears,High (10-15%)
681517,Kyle Leahy,33,29,23.92,25.18,6.06,6.9,3.03,3.45,0.0,0.0,0.0,0.0,3,3,12.121212121212121,10.344827586206897,27.15,28.0,22.899999999999995,27.666666666666668,1.0559405829382589,1.2589545264103044,Normal,Normal,9.451515151515151,11.989655172413796,7.644661994331453,9.18039817170982,0.0,0.0,0.0,0.0,1.259999999999998,Low (0-5),Low (0-5),High (10-15%)
656945,Tanner Scott,37,24,22.26,18.25,8.11,8.33,2.7,0.0,2.7,0.0,0.0,0.0,4,2,13.513513513513514,12.5,21.799999999999997,16.6,19.166666666666668,10.666666666666666,0.8560730333838077,0.6636890398581882,Low-Vol,Low-Vol,9.891891891891891,3.0875000000000004,6.1976867717981134,4.839674126650876,0.0,0.0,0.0,0.0,-4.010000000000002,Low (0-5),No Tears,High (10-15%)
693821,Bryce Elder,12,16,48.87,49.85,8.33,6.25,0.0,0.0,0.0,0.0,0.0,0.0,2,2,16.666666666666664,12.5,46.800000000000004,54.0,40.63333333333333,49.0,2.219665516574475,2.901500507026042,Nuclear,Nuclear,21.558333333333334,18.98125,16.069647183621072,21.15797623435033,10.0,16.666666666666664,38.2,46.5,0.980000000000004,No Tears,No Tears,Elite (15%+)
665152,Dean Kremer,16,15,29.51,29.9,6.25,0.0,0.0,0.0,0.0,0.0,0.0,0.0,2,0,12.5,13.333333333333334,46.1,55.75,42.93333333333334,40.41666666666667,1.928920618581542,2.0629906909694915,Gamma,Nuclear,22.765625,24.193333333333335,13.964749893332616,15.043494876365603,0.0,0.0,0.0,0.0,0.389999999999997,No Tears,No Tears,High (10-15%)
656986,Bennett Sousa,22,22,20.33,18.95,0.0,4.55,0.0,0.0,0.0,0.0,0.0,0.0,0,2,13.636363636363635,13.636363636363635,23.9,19.05,19.9,17.36666666666667,0.7986351720194195,0.667392391778096,Low-Vol,Low-Vol,12.515909090909092,9.736363636363636,5.781855575514135,4.86667926820405,0.0,0.0,0.0,0.0,-1.379999999999999,No Tears,No Tears,High (10-15%)
669276,Dylan Lee,35,39,19.86,17.71,11.43,5.13,2.86,0.0,0.0,0.0,0.0,0.0,3,2,11.428571428571429,10.256410256410255,21.8,21.5,19.5,19.083333333333332,0.8015499777050606,0.9215218454521437,Low-Vol,Low-Vol,10.095714285714285,8.680769230769231,5.80295780854308,6.719811786452365,0.0,0.0,0.0,0.0,-2.1499999999999986,Low (0-5),No Tears,High (10-15%)
601713,Nick Pivetta,15,16,50.01,50.79,0.0,0.0,0.0,0.0,0.0,0.0,0.0,0.0,0,0,13.333333333333334,12.5,61.85,52.4,53.56666666666666,49.0,1.8913017170834696,1.7635012875499585,Gamma,Gamma,32.85999999999999,31.053124999999998,13.69240143812827,12.859593937990422,25.0,23.076923076923077,39.333333333333336,47.36666666666667,0.7800000000000011,No Tears,No Tears,High (10-15%)
663158,Robert Suarez,34,36,24.79,15.27,2.94,2.78,2.94,0.0,0.0,0.0,0.0,0.0,3,2,11.76470588235294,11.11111111111111,25.15,19.3,21.48333333333333,18.5,1.1983059003066914,0.6203747691797227,Normal,Low-Vol,8.588235294117645,10.640277777777776,8.675339997035916,4.523822963639184,0.0,0.0,0.0,0.0,-9.52,Low (0-5),No Tears,High (10-15%)
669302,Logan Gilbert,8,17,50.46,48.54,0.0,5.88,0.0,0.0,0.0,0.0,0.0,0.0,0,2,12.5,11.76470588235294,50.2,55.6,47.53333333333333,49.099999999999994,1.8075341877690778,1.6831034462535965,Gamma,Gamma,36.425,33.061764705882354,13.085952118861771,12.273326380455156,14.285714285714285,28.57142857142857,50.2,37.675,-1.9200000000000017,No Tears,No Tears,High (10-15%)
702070,Noah Cameron,8,16,25.71,30.3,0.0,6.25,0.0,0.0,0.0,0.0,0.0,0.0,0,2,12.5,12.5,41.45,52.95,33.7,51.53333333333333,1.1159994733870444,2.3166543228671244,Normal,Nuclear,25.868750000000002,27.165625,8.079468577821192,16.89323058456651,0.0,0.0,0.0,0.0,4.59,No Tears,No Tears,High (10-15%)
820862,José Fermin,10,30,19.86,17.37,10.0,10.0,0.0,0.0,0.0,0.0,0.0,0.0,2,2,10.0,10.0,17.25,18.15,15.733333333333333,17.73333333333333,0.9128175411693947,0.88417700016124,Low-Vol,Low-Vol,7.535000000000001,8.074999999999998,6.608498316561789,6.447490155893596,0.0,0.0,0.0,0.0,-2.4899999999999984,No Tears,No Tears,Medium (5-10%)
642701,Dennis Santana,34,36,19.87,18.28,5.88,2.78,2.94,0.0,2.94,0.0,0.0,0.0,4,2,11.76470588235294,11.11111111111111,21.0,20.599999999999998,19.983333333333334,17.78333333333333,0.7317758281438849,0.9054002625236749,Low-Vol,Low-Vol,8.626470588235295,8.61111111111111,5.297815949279672,6.602251900581359,0.0,0.0,0.0,0.0,-1.5899999999999999,Low (0-5),No Tears,High (10-15%)
650893,Génesis Cabrera,15,25,21.05,15.45,6.67,8.0,0.0,0.0,0.0,0.0,0.0,0.0,2,2,13.333333333333334,12.0,12.2,8.65,11.666666666666666,7.816666666666667,0.7917525713386853,0.48844410589538495,Low-Vol,Low-Vol,4.8100000000000005,2.6040000000000005,5.732027813709809,3.5617739026127606,0.0,0.0,0.0,0.0,-5.600000000000001,No Tears,No Tears,High (10-15%)
657044,Ryan Thompson,32,16,16.9,15.61,0.0,0.0,0.0,0.0,0.0,0.0,0.0,0.0,0,0,12.5,12.5,12.2,11.7,11.966666666666669,10.450000000000001,0.6638140014789242,0.45826424490063894,Low-Vol,Low-Vol,5.7921875,6.29375,4.805794710806877,3.341699916709059,0.0,0.0,0.0,0.0,-1.2899999999999991,No Tears,No Tears,High (10-15%)
450203,Charlie Morton,17,16,54.24,29.68,11.76,6.25,5.88,0.0,0.0,0.0,0.0,0.0,3,2,11.76470588235294,12.5,56.95,49.8,47.48333333333334,39.31666666666667,2.656394812501519,2.125397240805686,Nuclear,Nuclear,15.50294117647059,17.01875,19.231423427786712,15.498568482282485,8.333333333333332,0.0,56.95,0.0,-24.560000000000002,Moderate (5-15),No Tears,High (10-15%)
650911,Cristopher Sánchez,15,17,49.64,51.21,0.0,0.0,0.0,0.0,0.0,0.0,0.0,0.0,0,0,13.333333333333334,11.76470588235294,52.4,58.55,47.28333333333333,55.633333333333326,1.5125065113579157,1.5784424327149449,High-IV,High-IV,33.54999999999999,43.055882352941175,10.950048923569765,11.510129809663058,25.0,28.57142857142857,39.38333333333333,46.7625,1.5700000000000003,No Tears,No Tears,High (10-15%)
593576,Héctor Neris,21,14,26.98,21.66,9.52,0.0,4.76,0.0,0.0,0.0,0.0,0.0,3,0,14.285714285714285,14.285714285714285,16.5,15.400000000000002,15.633333333333335,13.816666666666668,0.9632162763746716,0.7765181110949942,Low-Vol,Low-Vol,5.819047619047619,6.760714285714285,6.973368558137382,5.662432834426879,0.0,0.0,0.0,0.0,-5.32,Low (0-5),No Tears,High (10-15%)
669358,Shane Baz,15,16,49.69,51.85,0.0,6.25,0.0,0.0,0.0,0.0,0.0,0.0,0,2,13.333333333333334,12.5,55.849999999999994,64.55,44.416666666666664,50.9,2.125104974517736,2.3362450734544415,Nuclear,Nuclear,25.159999999999993,27.28125,15.38506000731136,17.03608792142922,8.333333333333332,7.6923076923076925,55.849999999999994,64.55,2.1600000000000037,No Tears,No Tears,High (10-15%)
669371,Cole Henry,26,31,19.63,19.34,3.85,6.45,0.0,3.23,0.0,0.0,0.0,0.0,2,3,11.538461538461538,12.903225806451612,20.6,13.250000000000002,19.0,11.883333333333335,0.9259871429025226,0.6066628466724232,Low-Vol,Low-Vol,8.598076923076924,5.1241935483870975,6.7038418950513865,4.423834516339529,0.0,0.0,0.0,0.0,-0.28999999999999915,No Tears,Low (0-5),High (10-15%)
669373,Tarik Skubal,15,16,53.94,52.41,0.0,12.5,0.0,0.0,0.0,0.0,0.0,0.0,0,2,13.333333333333334,12.5,82.0,65.85,73.21666666666667,59.36666666666665,2.983502309856965,1.8551131315489238,Nuclear,Gamma,48.363333333333344,39.615624999999994,21.59957395964317,13.52763490969504,30.76923076923077,14.285714285714285,46.675,61.39999999999999,-1.5300000000000011,No Tears,No Tears,High (10-15%)
552640,Andrew Kittredge,12,42,22.56,20.76,0.0,7.14,0.0,2.38,0.0,0.0,0.0,0.0,0,3,16.666666666666664,11.904761904761903,14.350000000000001,23.2,13.0,22.73333333333333,0.6212984588624694,0.8699347784411623,Low-Vol,Low-Vol,7.066666666666667,11.952380952380954,4.4979961868558425,6.343634723868663,0.0,0.0,0.0,0.0,-1.7999999999999972,No Tears,Low (0-5),Elite (15%+)
573124,Taylor Rogers,30,27,14.42,13.93,3.33,3.7,0.0,0.0,0.0,0.0,0.0,0.0,2,2,10.0,11.11111111111111,15.25,13.1,14.716666666666667,11.833333333333334,0.6340000528709108,0.5000656366370421,Low-Vol,Low-Vol,7.16,6.453703703703703,4.589951543580149,3.6465190441846236,0.0,0.0,0.0,0.0,-0.4900000000000002,No Tears,No Tears,Medium (5-10%)
657097,Jacob Webb,30,25,20.04,21.19,3.33,4.0,0.0,0.0,0.0,0.0,0.0,0.0,2,2,10.0,12.0,23.4,24.65,21.350000000000005,23.53333333333333,1.0716272245834946,0.9738346502618499,Normal,Low-Vol,7.370000000000001,10.356000000000002,7.7582281126734,7.101280987727965,0.0,0.0,0.0,0.0,1.1500000000000021,No Tears,No Tears,Medium (5-10%)
669387,Carmen Mlodzinski,12,22,30.31,30.72,0.0,9.09,0.0,4.55,0.0,0.0,0.0,0.0,0,3,16.666666666666664,13.636363636363635,26.6,35.55,22.96666666666667,32.583333333333336,1.262546354385437,1.33755689455538,Normal,Normal,11.6,16.763636363636362,9.140419723802225,9.753572993892348,0.0,0.0,0.0,0.0,0.41000000000000014,No Tears,Low (0-5),Elite (15%+)
681676,Ryan Fernandez,11,21,20.36,24.48,0.0,9.52,0.0,0.0,0.0,0.0,0.0,0.0,0,2,18.181818181818183,14.285714285714285,6.7,21.35,4.8999999999999995,17.133333333333333,0.6691013302800615,1.0551196073961207,Low-Vol,Normal,-0.3636363636363636,6.29047619047619,4.844073229684441,7.694017465661536,0.0,0.0,0.0,0.0,4.120000000000001,No Tears,No Tears,Elite (15%+)
628452,Raisel Iglesias,29,41,20.9,22.89,6.9,21.95,3.45,7.32,0.0,2.44,0.0,2.44,3,5,10.344827586206897,12.195121951219512,24.15,20.65,21.433333333333334,19.55,0.8775491464574559,0.7241409293202952,Low-Vol,Low-Vol,7.567241379310344,11.447560975609756,6.353166756233642,5.280494191118765,0.0,0.0,0.0,0.0,1.990000000000002,Low (0-5),Moderate (5-15),High (10-15%)
673513,Yuki Matsui,32,29,20.9,18.08,6.25,10.34,0.0,0.0,0.0,0.0,0.0,0.0,2,2,12.5,10.344827586206897,20.45,16.85,20.2,15.200000000000001,0.9680760618044938,0.9026539748881918,Low-Vol,Low-Vol,8.94375,5.586206896551725,7.008551803839134,6.582225749152628,0.0,0.0,0.0,0.0,-2.8200000000000003,No Tears,No Tears,High (10-15%)
687863,Porter Hodge,21,15,22.08,20.15,9.52,6.67,0.0,0.0,0.0,0.0,0.0,0.0,2,2,14.285714285714285,13.333333333333334,16.05,16.45,14.533333333333333,15.333333333333334,0.830783558207386,0.7631392121537162,Low-Vol,Low-Vol,5.223809523809524,9.073333333333332,6.014599301857503,5.56487282188996,0.0,0.0,0.0,0.0,-1.9299999999999997,No Tears,No Tears,High (10-15%)
683769,Hunter Gaddis,33,40,19.72,19.79,6.06,10.0,3.03,2.5,3.03,0.0,0.0,0.0,4,3,12.121212121212121,10.0,19.2,18.4,17.55,18.383333333333333,0.7175581029975225,0.9859715591125081,Low-Vol,Low-Vol,9.033333333333333,9.283750000000001,5.194884302529428,7.189784308130245,0.0,0.0,0.0,0.0,0.07000000000000028,Low (0-5),Low (0-5),High (10-15%)
669438,Mason Englert,13,17,24.62,21.09,0.0,11.76,0.0,0.0,0.0,0.0,0.0,0.0,0,2,15.384615384615385,11.76470588235294,23.1,24.55,18.466666666666665,20.783333333333335,0.9272183941956693,0.9583639499731971,Low-Vol,Low-Vol,10.126923076923077,9.88529411764706,6.712755748840393,6.988467390679321,0.0,0.0,0.0,0.0,-3.530000000000001,No Tears,No Tears,Elite (15%+)
579328,Yusei Kikuchi,16,17,34.16,44.03,6.25,5.88,6.25,0.0,0.0,0.0,0.0,0.0,3,2,12.5,11.76470588235294,50.650000000000006,41.35,45.75,39.266666666666666,1.9339785281777178,1.8508439230193074,Gamma,Gamma,27.181250000000002,20.51764705882353,14.001367492736795,13.496503496003958,0.0,14.285714285714285,0.0,38.325,9.870000000000005,Moderate (5-15),No Tears,High (10-15%)
673540,Kodai Senga,13,9,46.23,22.71,0.0,0.0,0.0,0.0,0.0,0.0,0.0,0.0,0,0,15.384615384615385,11.11111111111111,45.3,27.9,44.866666666666674,22.3,1.226810368596195,1.0712017715007942,Normal,Normal,36.03846153846154,13.73333333333333,8.8817029580986,7.8112899062830845,18.181818181818183,0.0,37.575,0.0,-23.519999999999996,No Tears,No Tears,Elite (15%+)
573204,Caleb Thielbar,33,34,15.03,18.93,3.03,5.88,0.0,2.94,0.0,0.0,0.0,0.0,2,3,12.121212121212121,11.76470588235294,16.1,17.4,13.933333333333332,15.65,0.5190491025774153,0.7045167464408428,Low-Vol,Low-Vol,7.342424242424242,8.214705882352941,3.757744528223538,5.137393063279372,0.0,0.0,0.0,0.0,3.9000000000000004,No Tears,Low (0-5),High (10-15%)
669461,Matthew Liberatore,14,15,51.89,48.33,7.14,6.67,7.14,0.0,0.0,0.0,0.0,0.0,3,2,14.285714285714285,13.333333333333334,47.900000000000006,44.25,43.93333333333334,39.550000000000004,2.1282267345373276,2.1583740111491134,Nuclear,Nuclear,24.38214285714286,17.086666666666666,15.40766052154748,15.739037757239466,8.333333333333332,16.666666666666664,41.349999999999994,42.2,-3.5600000000000023,Moderate (5-15),No Tears,High (10-15%)
694037,Daniel Palencia,26,28,16.14,15.26,3.85,7.14,0.0,0.0,0.0,0.0,0.0,0.0,2,2,11.538461538461538,10.714285714285714,20.4,18.2,17.916666666666664,15.166666666666666,0.6275458585912687,0.640407931271217,Low-Vol,Low-Vol,10.348076923076924,7.580357142857144,4.54322530300294,4.669906400951821,0.0,0.0,0.0,0.0,-0.8800000000000008,No Tears,No Tears,High (10-15%)
669467,Andre Pallante,15,16,44.66,29.37,6.67,0.0,0.0,0.0,0.0,0.0,0.0,0.0,2,0,13.333333333333334,12.5,47.05,37.0,40.86666666666667,31.53333333333333,2.054401282268137,1.710738615838767,Nuclear,Gamma,19.626666666666672,11.309375,14.873188565174521,12.47484427090508,8.333333333333332,0.0,38.900000000000006,0.0,-15.289999999999996,No Tears,No Tears,High (10-15%)
608032,Carlos Estévez,33,34,15.24,16.53,3.03,2.94,0.0,0.0,0.0,0.0,0.0,0.0,2,2,12.121212121212121,11.76470588235294,19.65,17.0,17.433333333333334,16.133333333333336,0.5055350218620102,0.6790554303824257,Low-Vol,Low-Vol,9.084848484848484,8.345588235294118,3.6599070353734064,4.951727088465728,0.0,0.0,0.0,0.0,1.290000000000001,No Tears,No Tears,High (10-15%)
687911,Bryan King,34,34,20.52,19.43,5.88,8.82,0.0,2.94,0.0,0.0,0.0,0.0,2,3,11.76470588235294,11.76470588235294,22.150000000000002,19.05,21.083333333333336,18.099999999999998,1.0112305954736507,0.7321459405490989,Normal,Low-Vol,9.472058823529412,9.407352941176471,7.320976412528494,5.3388673800686215,0.0,0.0,0.0,0.0,-1.0899999999999999,No Tears,Low (0-5),High (10-15%)
667463,John King,30,21,17.02,24.73,6.67,4.76,0.0,4.76,0.0,0.0,0.0,0.0,2,3,10.0,14.285714285714285,17.55,18.25,13.966666666666667,13.416666666666666,0.7836182778032472,0.7765137531013028,Low-Vol,Low-Vol,3.608333333333333,5.185714285714286,5.67313820794424,5.662401055584611,0.0,0.0,0.0,0.0,7.710000000000001,No Tears,Low (0-5),Medium (5-10%)
700249,Cade Povich,13,9,28.11,28.23,7.69,0.0,0.0,0.0,0.0,0.0,0.0,0.0,2,0,15.384615384615385,11.11111111111111,28.950000000000003,37.75,28.566666666666666,33.38333333333333,1.207332441979125,1.512361067843216,Normal,High-IV,18.43846153846154,20.900000000000002,8.740689185407376,11.028259155460574,0.0,0.0,0.0,0.0,0.120000000000001,No Tears,No Tears,Elite (15%+)
657277,Logan Webb,16,18,43.03,42.24,0.0,5.56,0.0,0.0,0.0,0.0,0.0,0.0,0,2,12.5,11.11111111111111,60.1,58.05,57.25,51.75,2.036015284479636,2.2774294708620464,Nuclear,Nuclear,38.30625,30.30555555555556,14.740079997521496,16.607199793081318,7.6923076923076925,7.142857142857142,36.6,39.400000000000006,-0.7899999999999991,No Tears,No Tears,High (10-15%)
663423,Trent Thornton,20,13,18.36,22.91,5.0,7.69,0.0,0.0,0.0,0.0,0.0,0.0,2,2,10.0,15.384615384615385,16.6,17.9,12.166666666666666,17.666666666666668,0.8838843561946377,0.777222165919387,Low-Vol,Low-Vol,4.1049999999999995,10.838461538461537,6.39903158791687,5.667566859117245,0.0,0.0,0.0,0.0,4.550000000000001,No Tears,No Tears,Medium (5-10%)
663436,Davis Martin,14,12,28.24,30.2,0.0,8.33,0.0,0.0,0.0,0.0,0.0,0.0,0,2,14.285714285714285,16.666666666666664,38.3,38.150000000000006,34.266666666666666,31.21666666666667,1.290774025149171,1.2601526988491556,Normal,Normal,21.528571428571432,21.320833333333336,9.344778761955261,9.189135341985848,0.0,0.0,0.0,0.0,1.9600000000000009,No Tears,No Tears,High (10-15%)
681869,Shawn Dubin,18,12,18.9,33.28,5.56,0.0,0.0,0.0,0.0,0.0,0.0,0.0,2,0,11.11111111111111,16.666666666666664,23.4,18.85,20.383333333333336,16.166666666666668,0.8535185325839734,1.6672500548392202,Low-Vol,Gamma,11.891666666666666,0.7208333333333335,6.179193027458216,12.157722168783646,0.0,0.0,0.0,0.0,14.380000000000003,No Tears,No Tears,High (10-15%)
702352,Spencer Bivens,24,30,17.25,16.27,8.33,6.67,0.0,0.0,0.0,0.0,0.0,0.0,2,2,12.5,10.0,17.8,16.15,15.683333333333335,14.549999999999999,0.6286135404914288,0.7852744035098402,Low-Vol,Low-Vol,7.535416666666666,5.946666666666666,4.5509549682663755,5.7262844265137005,0.0,0.0,0.0,0.0,-0.9800000000000004,No Tears,No Tears,High (10-15%)
661395,Jhoan Duran,36,36,21.2,18.8,5.56,5.56,0.0,0.0,0.0,0.0,0.0,0.0,2,2,13.88888888888889,13.88888888888889,23.799999999999997,19.8,22.0,18.78333333333333,0.8942878025096049,0.6735950734893473,Low-Vol,Low-Vol,12.529166666666665,9.816666666666666,6.474349112348779,4.9119097246241346,0.0,0.0,0.0,0.0,-2.3999999999999986,No Tears,No Tears,High (10-15%)
622491,Luis Castillo,15,17,30.25,42.2,0.0,0.0,0.0,0.0,0.0,0.0,0.0,0.0,0,0,13.333333333333334,11.76470588235294,46.65,50.4,41.9,45.550000000000004,1.8161462527542762,2.0733148821050653,Gamma,Nuclear,23.573333333333334,26.7,13.148300632546,15.118779712661999,0.0,7.142857142857142,0.0,37.9,11.950000000000003,No Tears,No Tears,High (10-15%)
661403,Emmanuel Clase,35,13,18.23,22.12,8.57,7.69,2.86,0.0,0.0,0.0,0.0,0.0,3,2,11.428571428571429,15.384615384615385,17.55,20.65,17.03333333333333,17.616666666666664,0.6623665261438291,0.707087469663572,Low-Vol,Low-Vol,8.712857142857144,9.807692307692305,4.795315466178223,5.156138984818895,0.0,0.0,0.0,0.0,3.8900000000000006,Low (0-5),No Tears,High (10-15%)
681892,Kody Funderburk,9,30,23.8,22.04,0.0,3.33,0.0,3.33,0.0,3.33,0.0,0.0,0,4,11.11111111111111,10.0,12.0,29.15,9.683333333333332,25.833333333333332,1.1719517697312076,1.0215086420661235,Normal,Normal,2.1333333333333333,11.231666666666666,8.484544772702893,7.448923589598577,0.0,0.0,0.0,0.0,-1.7600000000000016,No Tears,Low (0-5),High (10-15%)
620454,José Castillo,17,12,19.65,25.22,5.88,8.33,0.0,0.0,0.0,0.0,0.0,0.0,2,2,11.76470588235294,16.666666666666664,14.2,15.800000000000002,13.166666666666666,15.133333333333335,0.837266676728325,0.8692962803071039,Low-Vol,Low-Vol,5.7294117647058815,8.841666666666667,6.061534944414075,6.338978743863361,0.0,0.0,0.0,0.0,5.57,No Tears,No Tears,High (10-15%)
663465,Kolby Allard,12,21,26.5,25.76,0.0,4.76,0.0,0.0,0.0,0.0,0.0,0.0,0,2,16.666666666666664,14.285714285714285,24.299999999999997,26.799999999999997,19.999999999999996,21.616666666666664,0.9544951764700895,1.13900275201713,Low-Vol,Normal,10.841666666666667,7.523809523809524,6.910230667552847,8.305700136767806,0.0,0.0,0.0,0.0,-0.7399999999999984,No Tears,No Tears,Elite (15%+)
458677,Justin Wilson,32,29,18.19,15.67,3.12,6.9,0.0,0.0,0.0,0.0,0.0,0.0,2,2,12.5,10.344827586206897,17.1,17.1,16.750000000000004,15.200000000000001,0.756724929881498,0.7012361998975829,Low-Vol,Low-Vol,8.740625,6.6482758620689655,5.478439227642098,5.113471052709359,0.0,0.0,0.0,0.0,-2.5200000000000014,No Tears,No Tears,High (10-15%)
669622,Anthony Bender,32,19,16.14,21.22,6.25,10.53,0.0,5.26,0.0,0.0,0.0,0.0,2,3,12.5,10.526315789473683,12.95,22.8,12.633333333333333,20.516666666666666,0.5993474406509526,0.7483377489757346,Low-Vol,Low-Vol,6.8421875,11.502631578947367,4.339078045655588,5.456939355948802,0.0,0.0,0.0,0.0,5.079999999999998,No Tears,Moderate (5-15),High (10-15%)
681911,Alex Vesia,37,31,17.15,20.1,5.41,0.0,0.0,0.0,0.0,0.0,0.0,0.0,2,0,10.81081081081081,12.903225806451612,23.5,22.549999999999997,21.05,20.2,0.7950680676358597,0.8464109806821529,Low-Vol,Low-Vol,10.375675675675677,8.961290322580647,5.756030914779028,6.172097289109801,0.0,0.0,0.0,0.0,2.950000000000003,No Tears,No Tears,High (10-15%)
663485,Cole Sands,34,35,20.53,22.03,5.88,5.71,0.0,2.86,0.0,0.0,0.0,0.0,2,3,14.705882352941178,11.428571428571429,18.15,18.95,15.933333333333332,18.5,0.763004609731444,0.997517549350408,Low-Vol,Low-Vol,7.038235294117648,7.870000000000001,5.523902041233247,7.273978602242542,0.0,0.0,0.0,0.0,1.5,No Tears,Low (0-5),High (10-15%)
606160,Rafael Montero,26,33,24.84,22.7,11.54,12.12,7.69,0.0,0.0,0.0,0.0,0.0,3,2,11.538461538461538,12.121212121212121,18.15,24.199999999999996,17.433333333333334,20.799999999999997,0.8558488249610406,1.1378630239531222,Low-Vol,Normal,6.840384615384616,6.683333333333333,6.196063576671389,8.297389147597373,0.0,0.0,0.0,0.0,-2.1400000000000006,Moderate (5-15),No Tears,High (10-15%)
622554,Seranthony Domínguez,32,35,23.39,18.49,9.38,2.86,3.12,0.0,0.0,0.0,0.0,0.0,3,2,12.5,11.428571428571429,19.95,21.15,19.466666666666665,20.433333333333334,0.9997874724791517,0.8623982800278445,Low-Vol,Low-Vol,9.140625,9.76,7.238131971405597,6.288677968240646,0.0,0.0,0.0,0.0,-4.900000000000002,Low (0-5),No Tears,High (10-15%)
489446,Kirby Yates,28,22,17.63,17.5,14.29,4.55,0.0,0.0,0.0,0.0,0.0,0.0,2,2,10.714285714285714,13.636363636363635,20.15,10.5,19.7,9.8,0.8429119888044591,0.5300194552810322,Low-Vol,Low-Vol,11.126785714285715,4.125,6.102405144283158,3.864944710994922,0.0,0.0,0.0,0.0,-0.129999999999999,No Tears,No Tears,High (10-15%)
684007,Shota Imanaga,8,17,29.93,33.58,0.0,11.76,0.0,5.88,0.0,0.0,0.0,0.0,0,3,12.5,11.76470588235294,46.85,54.099999999999994,36.01666666666667,50.166666666666664,1.509464461994967,1.8977294212502687,High-IV,Gamma,26.00625,27.89411764705882,10.9280254882311,13.838396339001642,0.0,0.0,0.0,0.0,3.6499999999999986,No Tears,Moderate (5-15),High (10-15%)
669674,Sam Long,8,31,11.39,19.01,0.0,3.23,0.0,0.0,0.0,0.0,0.0,0.0,0,2,12.5,12.903225806451612,3.65,15.400000000000002,2.0500000000000003,15.066666666666668,0.36836644775661537,0.7868502589914567,Low-Vol,Low-Vol,-0.11874999999999991,6.840322580645162,2.6668517420894835,5.737775692066842,0.0,0.0,0.0,0.0,7.620000000000001,No Tears,No Tears,High (10-15%)
671737,Taj Bradley,15,12,44.17,32.77,0.0,0.0,0.0,0.0,0.0,0.0,0.0,0.0,0,0,13.333333333333334,16.666666666666664,52.3,31.05,44.70000000000001,29.616666666666664,1.8197488996762667,1.7590730393309617,Gamma,Gamma,25.64,18.916666666666668,13.174382609551657,12.827302794028718,8.333333333333332,0.0,37.55,0.0,-11.399999999999999,No Tears,No Tears,High (10-15%)
681982,Grant Anderson,32,34,20.88,19.39,3.12,5.88,0.0,2.94,0.0,0.0,0.0,0.0,2,3,12.5,11.76470588235294,28.55,21.15,23.349999999999998,19.283333333333335,0.9484195535327522,0.7098704665742765,Low-Vol,Low-Vol,10.875,9.219117647058823,6.86624515879277,5.176432823249862,0.0,0.0,0.0,0.0,-1.4899999999999984,No Tears,Low (0-5),High (10-15%)
