player_id,player_name,games_p1,games_p2,bb_score_p1,bb_score_p2,tear2_p1,tear2_p2,tear3_p1,tear3_p2,tear4_p1,tear4_p2,tear5_p1,tear5_p2,longest_tear_p1,longest_tear_p2,boom_rate_p1,boom_rate_p2,best_week_p1,best_week_p2,top3_avg_p1,top3_avg_p2,iv_p1,iv_p2,iv_tier_p1,iv_tier_p2,mean_week_p1,mean_week_p2,std_week_p1,std_week_p2,useful_pct_p1,useful_pct_p2,useful_ppw_p1,useful_ppw_p2,bb_change,tear_profile_p1,tear_profile_p2,boom_profile_p1
624641,Edmundo Sosa,37,47,23.38,44.61,5.41,4.26,2.7,4.26,2.7,0.0,0.0,0.0,4,3,10.81081081081081,10.638297872340425,55.0,63.0,45.666666666666664,57.333333333333336,0.9022019866538082,0.8414265414753406,Low-Vol,Low-Vol,14.891891891891891,24.361702127659573,14.07279444685893,13.732578737400651,0.0,7.6923076923076925,0.0,63.0,21.23,Low (0-5),Low (0-5),High (10-15%)
669701,Josh Smith,64,77,52.01,22.87,4.69,3.9,3.12,2.6,1.56,0.0,0.0,0.0,4,3,10.9375,10.38961038961039,90.0,73.0,89.0,69.33333333333333,1.3763845284688463,0.9895477138196923,High-IV,Low-Vol,38.15625,33.311688311688314,21.469224004725447,16.150003862032893,15.384615384615385,0.0,65.0,0.0,-29.139999999999997,Low (0-5),Low (0-5),High (10-15%)
595978,Austin Hedges,23,35,23.37,21.63,0.0,2.86,0.0,0.0,0.0,0.0,0.0,0.0,0,2,26.08695652173913,17.142857142857142,21.0,35.0,18.333333333333332,29.333333333333332,0.4362861126269169,0.48050587278158474,Low-Vol,Low-Vol,8.695652173913043,9.971428571428572,6.805310644226822,7.84213999262099,0.0,0.0,0.0,0.0,-1.740000000000002,No Tears,No Tears,Elite (15%+)
669707,Jared Triolo,42,58,26.4,52.65,11.9,5.17,7.14,1.72,0.0,1.72,0.0,0.0,3,4,11.904761904761903,10.344827586206897,56.0,86.0,47.333333333333336,84.66666666666667,0.8009573214299556,1.3343722109680844,Low-Vol,Normal,18.357142857142858,41.36206896551724,12.493552344077964,21.777743568664977,0.0,8.333333333333332,0.0,81.0,26.25,Moderate (5-15),Low (0-5),High (10-15%)
808975,Hyeseong Kim,27,31,26.45,20.43,7.41,3.23,0.0,0.0,0.0,0.0,0.0,0.0,2,2,14.814814814814813,12.903225806451612,61.0,39.0,57.0,38.0,0.9969833631957494,0.6676101124340575,Low-Vol,Low-Vol,30.074074074074073,12.580645161290322,15.551220397141051,10.895791828494728,0.0,0.0,0.0,0.0,-6.02,No Tears,No Tears,High (10-15%)
667670,Brent Rooker,80,82,57.64,52.79,2.5,3.66,1.25,1.22,0.0,0.0,0.0,0.0,3,3,11.25,10.975609756097562,91.0,86.0,88.66666666666667,83.33333333333333,1.281844086695629,1.0193200854999285,Normal,Normal,52.2,46.36585365853659,19.99455622115711,16.63590657385029,38.46153846153847,28.57142857142857,68.6,72.0,-4.850000000000001,Low (0-5),Low (0-5),High (10-15%)
808982,Jung Hoo Lee,74,74,53.09,50.77,9.46,4.05,0.0,2.7,0.0,1.35,0.0,0.0,2,4,10.81081081081081,14.864864864864865,99.0,72.0,97.33333333333333,69.66666666666667,1.2659539498427919,0.9757164868378059,Normal,Low-Vol,45.28378378378378,35.08108108108108,19.746697501080668,15.92427005854414,15.384615384615385,14.285714285714285,81.0,64.0,-2.3200000000000003,No Tears,Low (0-5),High (10-15%)
669720,Austin Hays,31,72,71.53,42.43,6.45,4.17,0.0,0.0,0.0,0.0,0.0,0.0,2,2,12.903225806451612,12.5,100.0,73.0,93.0,69.33333333333333,1.8418103846028586,0.892868294091493,Gamma,Low-Vol,50.67741935483871,40.81944444444444,28.729064373643396,14.572138560356274,66.66666666666666,7.142857142857142,74.0,61.0,-29.1,No Tears,No Tears,High (10-15%)
663586,Austin Riley,76,26,55.02,26.69,5.26,7.69,1.32,0.0,0.0,0.0,0.0,0.0,3,2,10.526315789473683,15.384615384615385,104.0,59.0,97.33333333333333,55.666666666666664,1.2278516205208878,0.9771818304005979,Normal,Low-Vol,47.51315789473684,33.23076923076923,19.15236690058795,15.948185332024938,30.76923076923077,0.0,71.25,0.0,-28.330000000000002,Low (0-5),No Tears,High (10-15%)
669743,Alex Call,52,45,24.5,23.59,5.77,11.11,0.0,2.22,0.0,0.0,0.0,0.0,2,3,13.461538461538462,11.11111111111111,66.0,54.0,58.333333333333336,53.333333333333336,1.0116026410272885,0.9318586245168053,Normal,Low-Vol,28.73076923076923,19.444444444444443,15.779255909064297,15.2084838099654,0.0,0.0,0.0,0.0,-0.9100000000000001,No Tears,Low (0-5),High (10-15%)
596019,Francisco Lindor,76,84,63.87,68.84,5.26,7.14,1.32,1.19,1.32,0.0,0.0,0.0,4,3,11.842105263157894,10.714285714285714,108.0,111.0,106.33333333333333,110.33333333333333,1.594967937187169,1.6922732460621315,High-IV,Gamma,54.64473684210526,57.05952380952381,24.87874806462652,27.618900107426516,38.46153846153847,64.28571428571429,79.6,74.66666666666667,4.970000000000006,Low (0-5),Low (0-5),High (10-15%)
571448,Nolan Arenado,72,34,46.59,22.16,6.94,2.94,0.0,0.0,0.0,0.0,0.0,0.0,2,2,11.11111111111111,11.76470588235294,74.0,52.0,69.66666666666667,51.333333333333336,0.8980008480448233,0.8905106240319901,Low-Vol,Low-Vol,40.22222222222222,23.5,14.007263932670764,14.533659990768765,15.384615384615385,0.0,71.0,0.0,-24.430000000000003,No Tears,No Tears,High (10-15%)
677950,Alek Thomas,62,72,23.16,21.25,8.06,4.17,1.61,1.39,0.0,0.0,0.0,0.0,3,3,11.29032258064516,11.11111111111111,73.0,59.0,68.0,57.666666666666664,0.9738798093591022,0.837818903585745,Low-Vol,Low-Vol,27.629032258064516,27.625,15.190844817232433,13.673699953653188,0.0,0.0,0.0,0.0,-1.9100000000000001,Low (0-5),Low (0-5),High (10-15%)
677951,Bobby Witt Jr.,78,79,56.31,61.1,5.13,3.8,0.0,0.0,0.0,0.0,0.0,0.0,2,2,10.256410256410255,10.126582278481013,121.0,112.0,109.0,107.66666666666667,1.2825506236073454,1.4703041587738945,Normal,High-IV,57.8974358974359,58.22784810126582,20.005576978010662,23.99623334068773,38.46153846153847,42.857142857142854,70.4,76.16666666666667,4.789999999999999,No Tears,No Tears,High (10-15%)
663616,Trevor Larnach,71,70,54.96,20.45,4.23,4.29,1.41,1.43,1.41,1.43,0.0,0.0,4,4,11.267605633802818,10.0,86.0,63.0,82.33333333333333,60.0,1.344769918536082,0.8688036293945631,Normal,Low-Vol,42.49295774647887,30.4,20.976090633614685,14.179389001778889,23.076923076923077,0.0,72.0,0.0,-34.510000000000005,Low (0-5),Low (0-5),High (10-15%)
608324,Alex Bregman,51,63,66.28,50.39,7.84,4.76,1.96,1.59,1.96,0.0,0.0,0.0,4,3,11.76470588235294,11.11111111111111,95.0,84.0,95.0,80.33333333333333,1.5427064883343853,1.13237318762969,High-IV,Normal,58.84313725490196,40.25396825396825,24.063559627802043,18.48100005495466,44.44444444444444,16.666666666666664,79.75,70.0,-15.89,Low (0-5),Low (0-5),High (10-15%)
663624,Ryan Mountcastle,51,37,27.04,52.25,5.88,5.41,3.92,2.7,0.0,0.0,0.0,0.0,3,3,15.686274509803921,10.81081081081081,52.0,78.0,50.0,76.66666666666667,0.7564576994195713,1.244319244271226,Low-Vol,Normal,27.333333333333332,37.027027027027025,11.799435014722809,20.308025899035975,0.0,12.5,0.0,73.0,25.21,Low (0-5),Low (0-5),Elite (15%+)
456781,Donovan Solano,42,24,26.45,21.06,9.52,12.5,7.14,0.0,0.0,0.0,0.0,0.0,3,2,11.904761904761903,16.666666666666664,68.0,27.0,43.333333333333336,23.666666666666668,0.7760190307090509,0.5021045391960284,Low-Vol,Low-Vol,9.666666666666666,11.75,12.104558034197368,8.194643000951505,0.0,0.0,0.0,0.0,-5.390000000000001,Moderate (5-15),No Tears,High (10-15%)
608348,Carson Kelly,47,62,27.11,20.4,2.13,3.23,2.13,0.0,0.0,0.0,0.0,0.0,3,2,10.638297872340425,11.29032258064516,86.0,62.0,80.66666666666667,58.666666666666664,1.3575534994572496,0.8311479258597947,High-IV,Low-Vol,29.106382978723403,28.20967741935484,21.175492440814885,13.56482565225971,0.0,0.0,0.0,0.0,-6.710000000000001,Low (0-5),No Tears,High (10-15%)
663647,Ke'Bryan Hayes,71,78,21.63,45.79,4.23,5.13,2.82,2.56,0.0,1.28,0.0,0.0,3,4,11.267605633802818,10.256410256410255,64.0,66.0,59.666666666666664,63.333333333333336,0.7566432318006961,1.0501569627077354,Low-Vol,Normal,29.929577464788732,29.58974358974359,11.802328999774303,17.1391826453767,0.0,14.285714285714285,0.0,60.5,24.16,Low (0-5),Low (0-5),High (10-15%)
694374,Tim Tawa,46,23,50.11,25.57,4.35,8.7,4.35,4.35,2.17,0.0,0.0,0.0,4,3,13.043478260869565,13.043478260869565,67.0,45.0,59.0,38.333333333333336,1.0049409163679872,0.8199483605230368,Normal,Low-Vol,26.195652173913043,16.47826086956522,15.675344497674455,13.382042123061757,8.333333333333332,0.0,67.0,0.0,-24.54,Low (0-5),Low (0-5),High (10-15%)
663656,Kyle Tucker,76,60,63.85,52.93,6.58,5.0,2.63,1.67,1.32,0.0,0.0,0.0,4,3,10.526315789473683,10.0,139.0,86.0,137.66666666666666,82.66666666666667,1.9228681829066778,1.3047212008274915,Gamma,Normal,60.68421052631579,40.88333333333333,29.993426180333046,21.293821548942127,35.714285714285715,16.666666666666664,83.0,76.0,-10.920000000000002,Low (0-5),Low (0-5),High (10-15%)
694384,Nolan Schanuel,75,56,45.53,23.31,8.0,7.14,0.0,0.0,0.0,0.0,0.0,0.0,2,2,10.666666666666668,14.285714285714285,76.0,64.0,76.0,61.0,1.1265452736158883,0.8331409022782381,Normal,Low-Vol,41.946666666666665,38.05357142857143,17.572162669998846,13.59735220596227,7.6923076923076925,0.0,69.0,0.0,-22.220000000000002,No Tears,No Tears,High (10-15%)
608369,Corey Seager,47,55,25.75,62.08,2.13,7.27,2.13,1.82,2.13,0.0,0.0,0.0,4,3,10.638297872340425,10.909090909090908,65.0,110.0,64.33333333333333,102.33333333333333,1.2377837876715947,1.3925607013076855,Normal,High-IV,28.574468085106382,58.72727272727273,19.30729157243682,22.72741414097419,0.0,40.0,0.0,77.0,36.33,Low (0-5),Low (0-5),High (10-15%)
678009,Parker Meadows,16,40,21.64,20.97,0.0,5.0,0.0,0.0,0.0,0.0,0.0,0.0,0,2,12.5,10.0,50.0,65.0,44.666666666666664,61.0,0.7335351075669805,0.9496812110173559,Low-Vol,Low-Vol,27.625,24.025,11.4418821295566,15.49935896110314,0.0,0.0,0.0,0.0,-0.6700000000000017,No Tears,No Tears,High (10-15%)
596103,Austin Slater,31,30,18.51,20.54,9.68,6.67,0.0,3.33,0.0,0.0,0.0,0.0,2,3,12.903225806451612,10.0,33.0,38.0,31.666666666666668,35.333333333333336,0.5905830818346223,0.7779742228082545,Low-Vol,Low-Vol,15.064516129032258,16.6,9.21207715943575,12.69699937400362,0.0,0.0,0.0,0.0,2.0299999999999976,No Tears,Low (0-5),High (10-15%)
647304,Josh Naylor,74,72,59.39,61.91,4.05,6.94,1.35,1.39,1.35,1.39,0.0,0.0,4,4,10.81081081081081,13.88888888888889,87.0,104.0,87.0,102.0,1.1862923918876798,1.5352531667782316,Normal,High-IV,50.851351351351354,50.625,18.504114634934748,25.05623955914116,53.84615384615385,28.57142857142857,63.285714285714285,75.75,2.519999999999996,Low (0-5),Low (0-5),High (10-15%)
686217,Sal Frelick,74,67,48.92,49.16,8.11,5.97,2.7,1.49,0.0,0.0,0.0,0.0,3,3,10.81081081081081,10.44776119402985,71.0,82.0,70.33333333333333,78.66666666666667,1.1262215794057906,1.1882059539897138,Normal,Normal,42.16216216216216,40.82089552238806,17.567113598782278,19.392223818851573,15.384615384615385,15.384615384615385,65.5,68.0,0.23999999999999488,Low (0-5),Low (0-5),High (10-15%)
665742,Juan Soto,77,83,58.37,71.03,6.49,4.82,1.3,0.0,1.3,0.0,0.0,0.0,4,2,11.688311688311687,10.843373493975903,105.0,155.0,100.0,149.0,1.3216793567051281,1.6664578190851351,Normal,Gamma,56.48051948051948,71.59036144578313,20.615917706580124,27.19757707311906,23.076923076923077,78.57142857142857,89.33333333333333,82.0,12.660000000000004,Low (0-5),No Tears,High (10-15%)
643217,Andrew Benintendi,51,65,48.66,50.67,5.88,3.08,1.96,1.54,0.0,0.0,0.0,0.0,3,3,11.76470588235294,10.76923076923077,66.0,85.0,65.33333333333333,82.33333333333333,1.073139757127995,1.0710043734999122,Normal,Normal,36.96078431372549,36.03076923076923,16.73912875189593,17.479424717694183,20.0,7.6923076923076925,59.5,83.0,2.010000000000005,Low (0-5),Low (0-5),High (10-15%)
663697,Jonathan India,70,66,45.25,19.25,5.71,3.03,1.43,0.0,0.0,0.0,0.0,0.0,3,2,10.0,10.606060606060606,71.0,55.0,64.66666666666667,54.0,0.9876877398622191,0.8051675121102705,Low-Vol,Low-Vol,31.84285714285714,33.56060606060606,15.406224710628123,13.140809936259096,7.6923076923076925,0.0,71.0,0.0,-26.0,Low (0-5),No Tears,Medium (5-10%)
596115,Trevor Story,74,82,56.42,66.87,2.7,4.88,1.35,1.22,1.35,0.0,0.0,0.0,4,3,13.513513513513514,10.975609756097562,89.0,114.0,85.33333333333333,109.66666666666667,1.3203302499117526,1.5063065531922846,Normal,High-IV,41.351351351351354,59.207317073170735,20.594873968181307,24.583813707737495,23.076923076923077,50.0,70.33333333333333,81.42857142857143,10.450000000000003,Low (0-5),Low (0-5),High (10-15%)
663698,Joey Bart,49,41,20.76,24.06,8.16,9.76,0.0,2.44,0.0,0.0,0.0,0.0,2,3,12.244897959183673,14.634146341463413,50.0,53.0,46.0,41.333333333333336,0.7968988736575368,0.7102617401643306,Low-Vol,Low-Vol,23.224489795918366,16.682926829268293,12.430247560759549,11.591891615241758,0.0,0.0,0.0,0.0,3.299999999999997,No Tears,Low (0-5),High (10-15%)
657557,Paul DeJong,16,39,25.21,50.23,0.0,5.13,0.0,5.13,0.0,0.0,0.0,0.0,0,3,25.0,10.256410256410255,28.0,84.0,27.333333333333332,78.66666666666667,0.5317624344119717,1.3110176318013658,Low-Vol,Normal,19.5,25.23076923076923,8.294576541331088,21.396583025852195,0.0,7.6923076923076925,0.0,63.0,25.019999999999996,No Tears,Moderate (5-15),Elite (15%+)
702616,Jackson Holliday,70,79,52.61,47.48,4.29,7.59,1.43,2.53,0.0,1.27,0.0,0.0,3,4,14.285714285714285,10.126582278481013,76.0,90.0,74.66666666666667,88.0,1.052671141343108,1.240272450472034,Normal,Normal,38.2,42.075949367088604,16.41985365960667,20.241979831147518,15.384615384615385,14.285714285714285,71.5,60.5,-5.130000000000003,Low (0-5),Low (0-5),High (10-15%)
645277,Ozzie Albies,76,81,50.2,56.15,6.58,4.94,1.32,1.23,1.32,1.23,1.32,0.0,5,4,10.526315789473683,12.345679012345679,86.0,98.0,83.33333333333333,91.0,1.0682288809555096,1.3155361774349297,Normal,Normal,37.48684210526316,45.333333333333336,16.662527556208378,21.470328362649695,7.6923076923076925,21.428571428571427,85.0,75.66666666666667,5.949999999999996,Low (0-5),Low (0-5),High (10-15%)
673962,Josh Jung,67,63,46.33,50.11,2.99,4.76,0.0,3.17,0.0,1.59,0.0,0.0,2,4,11.940298507462686,11.11111111111111,88.0,76.0,86.66666666666667,76.0,1.2647964871144908,1.0479958013234363,Normal,Normal,36.80597014925373,34.857142857142854,19.72864307945864,17.10391121357461,7.6923076923076925,8.333333333333332,62.0,76.0,3.780000000000001,No Tears,Low (0-5),High (10-15%)
663728,Cal Raleigh,75,84,67.37,63.03,5.33,7.14,0.0,1.19,0.0,0.0,0.0,0.0,2,3,10.666666666666668,10.714285714285714,129.0,109.0,123.0,106.0,1.8812269311315428,1.2270363279168075,Gamma,Normal,65.82666666666667,58.595238095238095,29.343894495178112,20.025958483818936,53.84615384615385,57.14285714285714,83.14285714285714,71.625,-4.340000000000003,No Tears,Low (0-5),High (10-15%)
596146,Max Kepler,71,55,44.04,46.1,5.63,3.64,1.41,0.0,0.0,0.0,0.0,0.0,3,2,11.267605633802818,10.909090909090908,78.0,75.0,69.33333333333333,60.333333333333336,1.072303241527961,0.9603380364557483,Normal,Low-Vol,34.42253521126761,26.6,16.726080551753373,15.673284654208635,7.6923076923076925,7.142857142857142,60.0,75.0,2.0600000000000023,Low (0-5),No Tears,High (10-15%)
647351,Abraham Toro,35,42,51.13,26.58,5.71,9.52,2.86,2.38,0.0,0.0,0.0,0.0,3,3,11.428571428571429,14.285714285714285,80.0,63.0,76.66666666666667,55.333333333333336,1.4298444640176562,0.9314864090464033,High-IV,Low-Vol,34.57142857142857,26.357142857142858,22.303106766290913,15.202409033377522,12.5,0.0,60.0,0.0,-24.550000000000004,Low (0-5),Low (0-5),High (10-15%)
663743,Nick Fortes,36,50,20.92,16.97,8.33,6.0,2.78,2.0,0.0,0.0,0.0,0.0,3,3,11.11111111111111,10.0,44.0,34.0,39.0,33.666666666666664,0.71992592233452,0.6017150470907668,Low-Vol,Low-Vol,15.194444444444445,15.36,11.229602319493253,9.820345394815265,0.0,0.0,0.0,0.0,-3.950000000000003,Low (0-5),Low (0-5),High (10-15%)
682177,Daniel Schneemann,57,69,50.46,20.96,5.26,5.8,0.0,1.45,0.0,0.0,0.0,0.0,2,3,10.526315789473683,10.144927536231885,85.0,59.0,81.0,55.0,1.2467202544416025,0.8919774456559117,Normal,Low-Vol,29.07017543859649,23.420289855072465,19.446685036202005,14.557599387081256,7.6923076923076925,0.0,80.0,0.0,-29.5,No Tears,Low (0-5),High (10-15%)
663757,Trent Grisham,64,74,52.19,58.23,3.12,5.41,1.56,1.35,0.0,0.0,0.0,0.0,3,3,10.9375,10.81081081081081,84.0,111.0,84.0,103.33333333333333,1.1982759999701351,1.471252426237874,Normal,High-IV,39.703125,47.28378378378378,18.691038246022764,24.011709626461148,7.6923076923076925,28.57142857142857,84.0,74.75,6.039999999999999,Low (0-5),Low (0-5),High (10-15%)
669911,Michael Toglia,60,27,46.64,29.12,3.33,3.7,0.0,3.7,0.0,0.0,0.0,0.0,2,3,10.0,14.814814814814813,72.0,50.0,71.0,47.666666666666664,1.1931679366511247,0.9707741930559611,Normal,Low-Vol,36.083333333333336,20.59259259259259,18.61136127105113,15.84360890138175,16.666666666666664,0.0,63.0,0.0,-17.52,No Tears,Low (0-5),Medium (5-10%)
643289,Mauricio Dubón,47,72,48.93,21.79,8.51,8.33,0.0,1.39,0.0,1.39,0.0,0.0,2,4,10.638297872340425,12.5,91.0,46.0,83.33333333333333,46.0,1.3944046637317962,0.797678079900076,High-IV,Low-Vol,24.425531914893618,23.84722222222222,21.750307025170397,13.018577973686835,7.6923076923076925,0.0,68.0,0.0,-27.14,No Tears,Low (0-5),High (10-15%)
676059,Jordan Westburg,34,51,50.06,52.98,5.88,5.88,0.0,0.0,0.0,0.0,0.0,0.0,2,2,11.76470588235294,11.76470588235294,78.0,90.0,76.0,80.66666666666667,1.3650792815376327,1.4097765650282452,High-IV,High-IV,37.35294117647059,39.11764705882353,21.292881657238464,23.008387217554844,12.5,18.181818181818183,65.0,69.0,2.9199999999999946,No Tears,No Tears,High (10-15%)
694497,Evan Carter,26,35,61.8,45.48,7.69,5.71,3.85,0.0,3.85,0.0,0.0,0.0,4,2,11.538461538461538,11.428571428571429,99.0,64.0,92.0,58.0,1.8546476617098058,0.9840087907198425,Gamma,Low-Vol,32.76923076923077,31.97142857142857,28.929303748701166,16.05960536158183,20.0,12.5,80.0,64.0,-16.32,Low (0-5),No Tears,High (10-15%)
665833,Oneil Cruz,69,65,62.2,50.27,5.8,6.15,2.9,1.54,1.45,0.0,0.0,0.0,4,3,10.144927536231885,12.307692307692308,101.0,78.0,99.0,71.33333333333333,1.632508473931158,1.0306298660037945,Gamma,Normal,53.333333333333336,32.90769230769231,25.464315670149464,16.82048887975157,30.76923076923077,7.6923076923076925,85.25,78.0,-11.93,Low (0-5),Low (0-5),High (10-15%)
688363,Graham Pauley,26,31,19.03,48.81,3.85,6.45,3.85,0.0,0.0,0.0,0.0,0.0,3,2,11.538461538461538,16.129032258064516,28.0,59.0,27.0,58.0,0.5035708731911652,0.9097694325402844,Low-Vol,Low-Vol,12.538461538461538,26.93548387096774,7.854836824432544,14.84797513438778,0.0,14.285714285714285,0.0,59.0,29.78,Low (0-5),No Tears,High (10-15%)
657656,Ramón Laureano,48,81,49.44,59.66,4.17,6.17,0.0,1.23,0.0,0.0,0.0,0.0,2,3,12.5,12.345679012345679,62.0,88.0,62.0,86.0,1.2506125203621543,1.2320826713307191,Normal,Normal,32.8125,52.74074074074074,19.5073976693404,20.10831779250677,16.666666666666664,35.714285714285715,61.5,76.2,10.219999999999999,No Tears,Low (0-5),High (10-15%)
606466,Ketel Marte,51,75,64.56,55.94,9.8,9.33,3.92,0.0,0.0,0.0,0.0,0.0,3,2,11.76470588235294,12.0,97.0,111.0,96.33333333333333,106.66666666666667,1.7508005711071193,1.370374897399499,Gamma,High-IV,54.588235294117645,47.81333333333333,27.309468299905244,22.365328701539983,30.0,15.384615384615385,84.0,83.0,-8.620000000000005,Low (0-5),No Tears,High (10-15%)
665862,Jazz Chisholm Jr.,47,83,50.54,61.0,6.38,6.02,0.0,0.0,0.0,0.0,0.0,0.0,2,2,10.638297872340425,10.843373493975903,86.0,116.0,85.33333333333333,108.33333333333333,1.2109991883793785,1.4697954189663527,Normal,High-IV,48.276595744680854,55.55421686746988,18.889498034230527,23.987930406183587,22.22222222222222,42.857142857142854,67.5,73.5,10.46,No Tears,No Tears,High (10-15%)
571657,Kyle Farmer,55,41,22.43,20.64,5.45,7.32,1.82,0.0,0.0,0.0,0.0,0.0,3,2,10.909090909090908,14.634146341463413,49.0,36.0,48.333333333333336,34.0,0.9287883636968988,0.6309565719253378,Low-Vol,Low-Vol,20.963636363636365,14.902439024390244,14.487496059966404,10.297584372193269,0.0,0.0,0.0,0.0,-1.7899999999999991,Low (0-5),No Tears,High (10-15%)
672016,Denzel Clarke,26,20,36.16,22.68,11.54,15.0,11.54,5.0,3.85,0.0,3.85,0.0,5,3,11.538461538461538,10.0,68.0,58.0,65.33333333333333,51.333333333333336,1.3565448092788883,0.7122249129625787,High-IV,Low-Vol,24.153846153846153,32.8,21.159758614298617,11.623931756238257,0.0,0.0,0.0,0.0,-13.479999999999997,Moderate (5-15),Low (0-5),High (10-15%)
502054,Tommy Pham,49,66,15.29,42.85,10.2,4.55,0.0,1.52,0.0,0.0,0.0,0.0,2,3,10.204081632653061,12.121212121212121,36.0,66.0,34.666666666666664,63.333333333333336,0.5719189643502407,0.9114020084180049,Low-Vol,Low-Vol,19.142857142857142,36.71212121212121,8.920949127381757,14.874619738141623,0.0,7.142857142857142,0.0,59.0,27.560000000000002,No Tears,Low (0-5),High (10-15%)
663853,Romy Gonzalez,29,64,20.54,49.13,0.0,3.12,0.0,1.56,0.0,0.0,0.0,0.0,0,3,10.344827586206897,10.9375,50.0,97.0,50.0,90.66666666666667,0.8609623838829397,1.3485746192988561,Low-Vol,Normal,24.93103448275862,33.34375,13.429527793216279,22.009535271266923,0.0,14.285714285714285,0.0,61.0,28.590000000000003,No Tears,Low (0-5),High (10-15%)
643376,Danny Jansen,52,46,22.74,23.51,3.85,2.17,0.0,0.0,0.0,0.0,0.0,0.0,2,2,13.461538461538462,15.217391304347828,53.0,47.0,49.0,45.0,0.8447797127740388,0.7726634690625075,Low-Vol,Low-Vol,23.673076923076923,22.043478260869566,13.177106043446766,12.610324732340262,0.0,0.0,0.0,0.0,0.7700000000000031,No Tears,No Tears,High (10-15%)
641343,Jake Bauers,45,38,25.88,50.51,6.67,5.26,0.0,2.63,0.0,2.63,0.0,0.0,2,4,17.77777777777778,10.526315789473683,44.0,73.0,40.666666666666664,72.33333333333333,0.8012916707109022,1.2753225142220888,Low-Vol,Normal,21.08888888888889,23.57894736842105,12.498767616016865,20.814017598525986,0.0,10.0,0.0,68.0,24.63,No Tears,Low (0-5),Elite (15%+)
643396,Isiah Kiner-Falefa,66,66,42.72,19.42,4.55,3.03,0.0,0.0,0.0,0.0,0.0,0.0,2,2,10.606060606060606,10.606060606060606,67.0,58.0,66.33333333333333,55.0,0.8772495003904396,0.8014368221512096,Low-Vol,Low-Vol,31.742424242424242,25.515151515151516,13.683578711007085,13.079922869970689,8.333333333333332,0.0,67.0,0.0,-23.299999999999997,No Tears,No Tears,High (10-15%)
645444,Jose Herrera,32,25,18.18,16.48,6.25,12.0,0.0,0.0,0.0,0.0,0.0,0.0,2,2,12.5,12.0,31.0,32.0,29.333333333333332,28.333333333333332,0.5817033104987012,0.48770843769199723,Low-Vol,Low-Vol,11.15625,15.24,9.073568046627203,7.959690111220829,0.0,0.0,0.0,0.0,-1.6999999999999993,No Tears,No Tears,High (10-15%)
665926,Andrés Giménez,50,48,50.97,23.73,6.0,2.08,0.0,2.08,0.0,0.0,0.0,0.0,2,3,10.0,10.416666666666668,88.0,69.0,83.0,65.0,1.210065023842133,1.0491735653715815,Normal,Normal,32.32,25.770833333333332,18.874926679138575,17.12313301931522,9.090909090909092,0.0,88.0,0.0,-27.24,No Tears,Low (0-5),Medium (5-10%)
641355,Cody Bellinger,70,82,51.33,57.36,4.29,2.44,1.43,1.22,0.0,1.22,0.0,0.0,3,4,10.0,10.975609756097562,91.0,99.0,87.0,95.33333333333333,1.1394667671715641,1.1850679794848893,Normal,Normal,42.52857142857143,53.78048780487805,17.773715676360396,19.341010219280655,15.384615384615385,35.714285714285715,78.5,74.6,6.030000000000001,Low (0-5),Low (0-5),Medium (5-10%)
592206,Nick Castellanos,77,69,21.47,22.88,2.6,7.25,0.0,1.45,0.0,1.45,0.0,0.0,2,4,12.987012987012985,11.594202898550725,70.0,59.0,67.0,55.666666666666664,0.7995302876341032,0.9559200747785417,Low-Vol,Low-Vol,43.5974025974026,30.681159420289855,12.47129307888588,15.60118090705956,0.0,0.0,0.0,0.0,1.4100000000000001,No Tears,Low (0-5),High (10-15%)
663886,Tyler Stephenson,39,49,47.94,21.08,5.13,8.16,0.0,0.0,0.0,0.0,0.0,0.0,2,2,10.256410256410255,12.244897959183673,67.0,59.0,66.33333333333333,59.0,1.082643965260642,0.7860685157977926,Normal,Low-Vol,39.02564102564103,28.448979591836736,16.88737800140931,12.829103022181304,25.0,0.0,61.0,0.0,-26.86,No Tears,No Tears,High (10-15%)
670042,Luke Raley,26,43,19.91,18.8,0.0,4.65,0.0,0.0,0.0,0.0,0.0,0.0,0,2,11.538461538461538,11.627906976744185,49.0,39.0,42.666666666666664,38.666666666666664,0.7611021324430693,0.6878553025010586,Low-Vol,Low-Vol,25.692307692307693,15.13953488372093,11.871880156973388,11.226205302452017,0.0,0.0,0.0,0.0,-1.1099999999999994,No Tears,No Tears,High (10-15%)
657757,Gavin Sheets,73,71,53.82,53.87,5.48,9.86,0.0,1.41,0.0,0.0,0.0,0.0,2,3,12.32876712328767,15.492957746478872,97.0,80.0,89.66666666666667,78.0,1.2330584079011881,1.2185929834879805,Normal,Normal,40.63013698630137,33.478873239436616,19.233583800589724,19.888158109739273,15.384615384615385,7.142857142857142,79.5,74.0,0.04999999999999716,No Tears,Low (0-5),High (10-15%)
678246,Miguel Vargas,75,63,54.39,52.65,4.0,9.52,0.0,3.17,0.0,0.0,0.0,0.0,2,3,10.666666666666668,12.698412698412698,92.0,84.0,88.33333333333333,78.33333333333333,1.3294996675769142,1.3067296017580063,Normal,Normal,43.44,32.6031746031746,20.737901064006948,21.32659983980303,30.76923076923077,16.666666666666664,68.5,62.0,-1.740000000000002,No Tears,Low (0-5),High (10-15%)
547180,Bryce Harper,57,75,60.01,59.76,7.02,2.67,1.75,0.0,0.0,0.0,0.0,0.0,3,2,10.526315789473683,10.666666666666668,103.0,97.0,101.33333333333333,93.33333333333333,1.5788434211126317,1.332635022434465,High-IV,Normal,54.228070175438596,50.666666666666664,24.627233433059754,21.7493916245038,36.36363636363637,53.84615384615385,71.5,63.42857142857143,-0.25,Low (0-5),No Tears,High (10-15%)
665966,Carlos Narváez,59,58,24.61,20.43,3.39,5.17,0.0,1.72,0.0,1.72,0.0,0.0,2,4,13.559322033898304,10.344827586206897,68.0,57.0,63.666666666666664,51.0,1.0306454074451983,0.8018306616788949,Normal,Low-Vol,35.03389830508475,26.362068965517242,16.076290211208462,13.086350563960893,0.0,0.0,0.0,0.0,-4.18,No Tears,Low (0-5),High (10-15%)
643446,Jeff McNeil,46,76,55.84,50.33,4.35,5.26,2.17,3.95,0.0,1.32,0.0,0.0,3,4,10.869565217391305,10.526315789473683,96.0,89.0,93.66666666666667,82.33333333333333,1.3775589358815261,1.0857340888319584,High-IV,Normal,38.41304347826087,33.35526315789474,21.487542734189574,17.719822382381768,11.11111111111111,7.142857142857142,91.0,77.0,-5.510000000000005,Low (0-5),Low (0-5),High (10-15%)
571771,Enrique Hernández,58,27,19.36,21.32,5.17,7.41,0.0,3.7,0.0,0.0,0.0,0.0,2,3,10.344827586206897,11.11111111111111,44.0,45.0,43.0,39.666666666666664,0.8795306393299928,0.6684737746027634,Low-Vol,Low-Vol,19.82758620689655,18.11111111111111,13.719160542876155,10.909887305817646,0.0,0.0,0.0,0.0,1.9600000000000009,No Tears,Low (0-5),High (10-15%)
686469,Vinnie Pasquantino,77,83,47.52,62.2,5.19,3.61,0.0,1.2,0.0,1.2,0.0,1.2,2,5,10.38961038961039,10.843373493975903,81.0,125.0,79.33333333333333,113.33333333333333,1.0185466610763598,1.4444402039523179,Normal,High-IV,43.077922077922075,53.45783132530121,15.887570641497874,23.574118303259613,15.384615384615385,42.857142857142854,72.5,75.16666666666667,14.68,No Tears,Low (0-5),High (10-15%)
694671,Wyatt Langford,65,68,47.65,59.77,1.54,2.94,0.0,1.47,0.0,0.0,0.0,0.0,2,3,12.307692307692308,10.294117647058822,82.0,109.0,79.33333333333333,107.33333333333333,1.1105968377892133,1.692954238907417,Normal,Gamma,46.2,47.48529411764706,17.323394586512194,27.630014313369074,16.666666666666664,28.57142857142857,62.0,80.0,12.120000000000005,No Tears,Low (0-5),High (10-15%)
663968,Jake Mangum,42,74,50.63,19.74,7.14,5.41,2.38,0.0,0.0,0.0,0.0,0.0,3,2,11.904761904761903,10.81081081081081,68.0,63.0,64.66666666666667,58.0,1.071456227735146,0.8283842657167876,Normal,Low-Vol,39.404761904761905,29.364864864864863,16.712868597915687,13.51972108442576,22.22222222222222,0.0,62.0,0.0,-30.890000000000004,Low (0-5),No Tears,High (10-15%)
666018,Jonathan Aranda,73,33,49.98,51.09,5.48,9.09,0.0,3.03,0.0,0.0,0.0,0.0,2,3,10.95890410958904,12.121212121212121,82.0,74.0,80.0,67.33333333333333,1.1607620059431092,1.1907231958576707,Normal,Normal,45.38356164383562,37.18181818181818,18.105884661091007,19.433306694716396,15.384615384615385,14.285714285714285,74.0,64.0,1.1100000000000065,No Tears,Low (0-5),High (10-15%)
666023,Freddy Fermin,41,61,18.82,21.03,4.88,11.48,2.44,3.28,0.0,0.0,0.0,0.0,3,3,12.195121951219512,11.475409836065573,31.0,44.0,30.333333333333332,43.333333333333336,0.5616816397738441,0.6978682391443117,Low-Vol,Low-Vol,15.878048780487806,21.901639344262296,8.761264526172063,11.389622349654951,0.0,0.0,0.0,0.0,2.210000000000001,Low (0-5),Low (0-5),High (10-15%)
575929,Willson Contreras,73,62,58.46,55.79,6.85,6.45,1.37,1.61,0.0,0.0,0.0,0.0,3,3,10.95890410958904,11.29032258064516,97.0,94.0,93.66666666666667,91.0,1.541596884936361,1.3302588139465454,High-IV,Normal,48.0,40.83870967741935,24.04625172916191,21.71061049680177,30.76923076923077,23.076923076923077,72.0,74.0,-2.6700000000000017,Low (0-5),Low (0-5),High (10-15%)
663993,Nathaniel Lowe,78,74,43.15,24.88,8.97,2.7,0.0,0.0,0.0,0.0,0.0,0.0,2,2,12.82051282051282,14.864864864864865,77.0,65.0,76.33333333333333,61.666666666666664,0.914005775739666,0.9392427580128625,Low-Vol,Low-Vol,40.98717948717949,32.62162162162162,14.256913191836926,15.328997235254178,7.6923076923076925,0.0,61.0,0.0,-18.27,No Tears,No Tears,High (10-15%)
608701,Rob Refsnyder,33,37,18.03,26.29,6.06,5.41,0.0,2.7,0.0,0.0,0.0,0.0,2,3,12.121212121212121,16.216216216216218,42.0,43.0,39.333333333333336,39.0,0.5695184544297501,0.7912356182730257,Low-Vol,Low-Vol,21.666666666666668,20.513513513513512,8.88350531415762,12.913433190161197,0.0,0.0,0.0,0.0,8.259999999999998,No Tears,Low (0-5),High (10-15%)
518595,Travis d'Arnaud,34,33,21.6,43.63,5.88,6.06,2.94,0.0,0.0,0.0,0.0,0.0,3,2,11.76470588235294,12.121212121212121,41.0,61.0,36.666666666666664,51.333333333333336,0.7302831630060151,0.8605802585287496,Low-Vol,Low-Vol,14.617647058823529,15.727272727272727,11.391157404898454,14.04517872632974,0.0,8.333333333333332,0.0,61.0,22.03,Low (0-5),No Tears,High (10-15%)
670156,Miles Mastrobuoni,55,18,17.95,18.77,1.82,16.67,1.82,0.0,0.0,0.0,0.0,0.0,3,2,10.909090909090908,16.666666666666664,36.0,15.0,34.666666666666664,15.0,0.6285908295066489,0.31422980786467547,Low-Vol,Low-Vol,16.21818181818182,7.777777777777778,9.804932449369572,5.128416285245499,0.0,0.0,0.0,0.0,0.8200000000000003,Low (0-5),No Tears,High (10-15%)
455117,Martín Maldonado,42,19,20.19,18.91,4.76,5.26,0.0,5.26,0.0,0.0,0.0,0.0,2,3,14.285714285714285,10.526315789473683,33.0,26.0,31.333333333333332,25.0,0.611354387693361,0.46912284568385443,Low-Vol,Low-Vol,10.547619047619047,13.210526315789474,9.536073694654014,7.656362258993214,0.0,0.0,0.0,0.0,-1.2800000000000011,No Tears,Moderate (5-15),High (10-15%)
641487,J.P. Crawford,72,83,51.8,47.45,6.94,4.82,2.78,1.2,0.0,0.0,0.0,0.0,3,3,11.11111111111111,10.843373493975903,76.0,75.0,75.66666666666667,72.33333333333333,1.2082605144151708,1.0698667709786251,Normal,Normal,43.19444444444444,34.18072289156626,18.846779445349778,17.46085837182156,15.384615384615385,14.285714285714285,71.0,67.0,-4.349999999999994,Low (0-5),Low (0-5),High (10-15%)
664023,Ian Happ,68,82,55.68,54.64,2.94,4.88,1.47,2.44,0.0,2.44,0.0,0.0,3,4,10.294117647058822,10.975609756097562,90.0,125.0,87.33333333333333,111.0,1.2173689089685131,1.4261528483177164,Normal,High-IV,46.9264705882353,43.18292682926829,18.988854685912578,23.275657845011313,38.46153846153847,21.428571428571427,66.4,68.0,-1.0399999999999991,Low (0-5),Low (0-5),High (10-15%)
686555,Isaac Collins,56,70,22.91,53.51,3.57,7.14,0.0,2.86,0.0,2.86,0.0,1.43,2,5,10.714285714285714,10.0,78.0,89.0,70.0,84.66666666666667,1.1185824274089986,1.346847013567101,Normal,Normal,26.571428571428573,38.74285714285714,17.447956007256806,21.981339724098998,0.0,7.142857142857142,0.0,89.0,30.599999999999998,No Tears,Low (0-5),High (10-15%)
621020,Dansby Swanson,76,83,55.18,48.04,3.95,2.41,1.32,0.0,0.0,0.0,0.0,0.0,3,2,10.526315789473683,10.843373493975903,89.0,94.0,86.66666666666667,92.66666666666667,1.3921872439698106,1.1745152476096083,High-IV,Normal,43.61842105263158,43.855421686746986,21.71571910253839,19.16878339468123,28.57142857142857,14.285714285714285,68.5,68.5,-7.140000000000001,Low (0-5),No Tears,High (10-15%)
664034,Ty France,75,61,46.84,24.67,5.33,6.56,2.67,3.28,1.33,3.28,0.0,1.64,4,5,10.666666666666668,11.475409836065573,81.0,62.0,76.0,57.333333333333336,1.2028652980517518,0.9658498960961571,Normal,Low-Vol,38.733333333333334,20.229508196721312,18.762623378302834,15.763241462997549,7.6923076923076925,0.0,64.0,0.0,-22.17,Low (0-5),Low (0-5),High (10-15%)
621028,Kevin Newman,28,16,17.88,18.94,3.57,6.25,3.57,0.0,0.0,0.0,0.0,0.0,3,2,10.714285714285714,12.5,27.0,26.0,23.666666666666668,25.666666666666668,0.47460300766423247,0.5825165735706042,Low-Vol,Low-Vol,7.285714285714286,12.625,7.402988099695474,9.507014953881862,0.0,0.0,0.0,0.0,1.0600000000000023,Low (0-5),No Tears,High (10-15%)
664040,Brandon Lowe,73,61,58.72,56.72,4.11,4.92,0.0,0.0,0.0,0.0,0.0,0.0,2,2,12.32876712328767,11.475409836065573,84.0,94.0,82.0,88.66666666666667,1.429614594039511,1.2864988349058968,High-IV,Normal,46.84931506849315,43.98360655737705,22.29952119122037,20.99642176124199,30.76923076923077,25.0,74.25,80.33333333333333,-2.0,No Tears,No Tears,High (10-15%)
621035,Chris Taylor,25,18,29.38,27.8,8.0,11.11,4.0,0.0,0.0,0.0,0.0,0.0,3,2,12.0,16.666666666666664,57.0,43.0,56.333333333333336,41.0,1.1112566099446874,0.8992607556816444,Normal,Low-Vol,13.04,16.88888888888889,17.33368589385035,14.676467313712026,0.0,0.0,0.0,0.0,-1.5799999999999983,Low (0-5),No Tears,High (10-15%)
643565,Mike Tauchman,28,65,48.7,22.06,7.14,6.15,0.0,1.54,0.0,0.0,0.0,0.0,2,3,10.714285714285714,10.76923076923077,80.0,73.0,77.66666666666667,68.66666666666667,1.347198910567916,0.9395554012569277,Normal,Low-Vol,43.42857142857143,34.07692307692308,21.013978718636356,15.334099757879995,16.666666666666664,0.0,60.0,0.0,-26.640000000000004,No Tears,Low (0-5),High (10-15%)
621043,Carlos Correa,65,78,23.54,45.52,7.69,6.41,0.0,1.28,0.0,1.28,0.0,1.28,2,5,13.846153846153847,10.256410256410255,59.0,79.0,59.0,74.0,0.8992430522792922,0.9614189024905125,Low-Vol,Low-Vol,31.415384615384614,37.94871794871795,14.026640175586762,15.69092502706989,0.0,14.285714285714285,0.0,66.0,21.980000000000004,No Tears,Low (0-5),High (10-15%)
805367,Chase Meidroth,52,67,55.36,43.75,5.77,4.48,1.92,0.0,0.0,0.0,0.0,0.0,3,2,13.461538461538462,10.44776119402985,83.0,71.0,78.66666666666667,70.0,1.1817145053313598,0.9853167437476279,Normal,Low-Vol,35.0,31.64179104477612,18.432707502761307,16.08095192845788,9.090909090909092,7.6923076923076925,83.0,68.0,-11.61,Low (0-5),No Tears,High (10-15%)
664056,Harrison Bader,61,75,23.72,51.15,4.92,4.0,1.64,1.33,1.64,1.33,1.64,1.33,5,5,13.114754098360656,10.666666666666668,57.0,83.0,57.0,81.66666666666667,0.8630902746517796,1.307940785642256,Low-Vol,Normal,31.295081967213115,39.85333333333333,13.46271921801719,21.346367077031804,0.0,14.285714285714285,0.0,71.5,27.43,Low (0-5),Low (0-5),High (10-15%)
664059,Sam Haggerty,32,26,28.84,17.09,0.0,3.85,0.0,0.0,0.0,0.0,0.0,0.0,0,2,28.125,11.538461538461538,49.0,41.0,47.666666666666664,36.666666666666664,0.7866031337699283,0.5282007077212723,Low-Vol,Low-Vol,29.3125,18.923076923076923,12.269651781477323,8.620547903343855,0.0,0.0,0.0,0.0,-11.75,No Tears,No Tears,Elite (15%+)
700932,Kyle Manzardo,66,76,46.03,43.14,3.03,5.26,1.52,0.0,0.0,0.0,0.0,0.0,3,2,10.606060606060606,10.526315789473683,72.0,79.0,65.66666666666667,76.0,0.9286580979604296,1.1515747797068108,Low-Vol,Normal,32.95454545454545,36.60526315789474,14.485464139221474,18.794381392581787,15.384615384615385,7.142857142857142,65.5,61.0,-2.8900000000000006,Low (0-5),No Tears,High (10-15%)
672275,Patrick Bailey,57,72,15.67,43.93,3.51,8.33,0.0,2.78,0.0,0.0,0.0,0.0,2,3,10.526315789473683,11.11111111111111,39.0,68.0,36.333333333333336,66.0,0.5735152190601864,0.9863909782137052,Low-Vol,Low-Vol,19.842105263157894,30.77777777777778,8.945847946881381,16.098484070196562,0.0,7.142857142857142,0.0,60.0,28.259999999999998,No Tears,Low (0-5),High (10-15%)
686611,Dylan Crews,45,38,54.74,48.36,2.22,5.26,0.0,2.63,0.0,0.0,0.0,0.0,2,3,11.11111111111111,13.157894736842104,96.0,67.0,85.33333333333333,62.333333333333336,1.5112067920144316,0.901587827772872,High-IV,Low-Vol,38.62222222222222,37.8421052631579,23.57221871079375,14.714446506363066,12.5,14.285714285714285,79.0,63.0,-6.380000000000003,No Tears,Low (0-5),High (10-15%)
666134,Nolan Jones,67,62,18.11,21.51,5.97,4.84,1.49,1.61,1.49,0.0,0.0,0.0,4,3,10.44776119402985,11.29032258064516,45.0,53.0,43.0,52.333333333333336,0.6557148244194387,0.8144230995221907,Low-Vol,Low-Vol,22.313432835820894,23.580645161290324,10.228019973706633,13.291866596145566,0.0,0.0,0.0,0.0,3.400000000000002,Low (0-5),Low (0-5),High (10-15%)
680474,Max Schuemann,38,37,21.97,18.06,2.63,5.41,2.63,2.7,2.63,2.7,0.0,0.0,4,4,13.157894736842104,10.81081081081081,40.0,32.0,35.666666666666664,28.666666666666668,0.6760924776607279,0.5811926920235497,Low-Vol,Low-Vol,14.026315789473685,12.162162162162161,10.545876207251007,9.48540842415196,0.0,0.0,0.0,0.0,-3.91,Low (0-5),Low (0-5),High (10-15%)
666139,Josh Lowe,35,73,47.97,50.53,2.86,9.59,0.0,4.11,0.0,0.0,0.0,0.0,2,3,14.285714285714285,10.95890410958904,70.0,87.0,67.33333333333333,79.66666666666667,0.9904942021166856,1.2176271685192437,Low-Vol,Normal,41.34285714285714,38.58904109589041,15.450000679883587,19.872395438311433,12.5,14.285714285714285,63.0,64.5,2.5600000000000023,No Tears,Low (0-5),High (10-15%)
670242,Matt Wallner,36,67,44.81,49.97,0.0,2.99,0.0,2.99,0.0,0.0,0.0,0.0,0,3,11.11111111111111,10.44776119402985,59.0,77.0,56.0,76.66666666666667,1.0560439589626431,1.1507215969718916,Normal,Normal,32.47222222222222,37.44776119402985,16.472463795439452,18.780456945815317,14.285714285714285,15.384615384615385,59.0,68.0,5.159999999999997,No Tears,Low (0-5),High (10-15%)
518692,Freddie Freeman,67,80,58.68,54.13,5.97,6.25,1.49,1.25,0.0,0.0,0.0,0.0,3,3,10.44776119402985,10.0,118.0,96.0,117.0,92.33333333333333,1.7984063936170778,1.2786168895693746,Gamma,Normal,51.149253731343286,48.4375,28.05203699800917,20.867783752334056,25.0,21.428571428571427,79.33333333333333,78.0,-4.549999999999997,Low (0-5),Low (0-5),High (10-15%)
676391,Ernie Clement,70,79,54.08,53.23,4.29,7.59,2.86,1.27,1.43,0.0,0.0,0.0,4,3,10.0,11.39240506329114,87.0,92.0,85.33333333333333,88.0,1.3661627918841432,1.1933972077643538,High-IV,Normal,33.457142857142856,39.734177215189874,21.309782549292628,19.47694815031974,15.384615384615385,14.285714285714285,76.0,80.0,-0.8500000000000014,Low (0-5),Low (0-5),Medium (5-10%)
666152,David Hamilton,36,29,20.15,29.27,8.33,3.45,0.0,0.0,0.0,0.0,0.0,0.0,2,2,11.11111111111111,17.24137931034483,44.0,61.0,41.333333333333336,50.666666666666664,0.8063375223218212,0.9763349365219983,Low-Vol,Low-Vol,15.083333333333334,16.75862068965517,12.577474195674467,15.934363523112541,0.0,0.0,0.0,0.0,9.120000000000001,No Tears,No Tears,High (10-15%)
666158,Gavin Lux,70,70,46.34,18.72,4.29,5.71,1.43,0.0,0.0,0.0,0.0,0.0,3,2,10.0,12.857142857142856,88.0,41.0,79.33333333333333,41.0,0.9656300259862026,0.6182473828483736,Low-Vol,Low-Vol,32.82857142857143,24.985714285714284,15.06216242974565,10.090162890833877,7.6923076923076925,0.0,75.0,0.0,-27.620000000000005,Low (0-5),No Tears,Medium (5-10%)
641584,Jake Fraley,43,29,52.08,22.76,2.33,3.45,2.33,0.0,0.0,0.0,0.0,0.0,3,2,11.627906976744185,13.793103448275861,76.0,48.0,74.0,42.0,1.231550593636461,0.792571210566278,Normal,Low-Vol,27.209302325581394,17.96551724137931,19.210064499451576,12.93523084619424,10.0,0.0,73.0,0.0,-29.319999999999997,Low (0-5),No Tears,High (10-15%)
666160,Mickey Moniak,63,69,51.24,59.02,6.35,4.35,0.0,2.9,0.0,1.45,0.0,0.0,2,4,11.11111111111111,10.144927536231885,96.0,120.0,90.66666666666667,118.0,1.4093854539864892,1.6653980653661966,High-IV,Gamma,32.79365079365079,44.710144927536234,21.98398150718714,27.180281265736923,15.384615384615385,21.428571428571427,68.0,81.33333333333333,7.780000000000001,No Tears,Low (0-5),High (10-15%)
666163,Ben Rortvedt,23,18,21.79,20.28,4.35,11.11,0.0,0.0,0.0,0.0,0.0,0.0,2,2,21.73913043478261,11.11111111111111,18.0,40.0,15.0,38.666666666666664,0.2883174198069293,0.7908744965296974,Low-Vol,Low-Vol,6.043478260869565,21.38888888888889,4.497254322660411,12.907539469759476,0.0,0.0,0.0,0.0,-1.509999999999998,No Tears,No Tears,Elite (15%+)
545341,Randal Grichuk,49,63,16.72,22.3,2.04,6.35,0.0,3.17,0.0,0.0,0.0,0.0,2,3,10.204081632653061,12.698412698412698,36.0,40.0,35.666666666666664,40.0,0.6897173841482394,0.7330850910083022,Low-Vol,Low-Vol,16.918367346938776,17.603174603174605,10.758401241769688,11.964382197683584,0.0,0.0,0.0,0.0,5.580000000000002,No Tears,Low (0-5),High (10-15%)
641598,Mitch Garver,44,43,21.39,21.54,4.55,4.65,2.27,2.33,2.27,0.0,2.27,0.0,6,3,11.363636363636363,11.627906976744185,44.0,47.0,42.0,45.0,0.7808239561146247,0.7405439925881029,Low-Vol,Low-Vol,17.59090909090909,18.790697674418606,12.179506580715119,12.086115882313422,0.0,0.0,0.0,0.0,0.14999999999999858,Low (0-5),Low (0-5),High (10-15%)
623168,Tyler Heineman,21,33,23.67,17.98,4.76,9.09,0.0,0.0,0.0,0.0,0.0,0.0,2,2,14.285714285714285,12.121212121212121,43.0,31.0,40.0,30.666666666666668,0.8035230933382413,0.5870918571787841,Low-Vol,Low-Vol,18.761904761904763,11.606060606060606,12.53357395918962,9.581686287977295,0.0,0.0,0.0,0.0,-5.690000000000001,No Tears,No Tears,High (10-15%)
666176,Jo Adell,67,82,54.81,60.64,5.97,7.32,1.49,1.22,0.0,0.0,0.0,0.0,3,3,10.44776119402985,12.195121951219512,92.0,115.0,88.33333333333333,107.0,1.4552360198029586,1.4250172905755003,High-IV,High-IV,38.46268656716418,44.91463414634146,22.69917122917003,23.25712487114231,15.384615384615385,35.714285714285715,77.5,73.0,5.829999999999998,Low (0-5),Low (0-5),High (10-15%)
571970,Max Muncy,74,26,59.96,63.91,4.05,3.85,2.7,0.0,0.0,0.0,0.0,0.0,3,2,10.81081081081081,15.384615384615385,100.0,94.0,98.0,82.66666666666667,1.5940474270181926,1.6073745009258034,High-IV,Gamma,41.851351351351354,40.88461538461539,24.864389694122046,26.233302381632285,28.57142857142857,22.22222222222222,76.0,86.0,3.9499999999999957,Low (0-5),No Tears,High (10-15%)
592450,Aaron Judge,77,75,71.82,70.73,10.39,6.67,1.3,1.33,0.0,1.33,0.0,0.0,3,4,10.38961038961039,10.666666666666668,152.0,128.0,134.33333333333334,127.66666666666667,1.4931294097524441,1.895223982646196,High-IV,Gamma,77.45454545454545,67.45333333333333,23.290242735930526,30.93117614410512,76.92307692307693,61.53846153846154,84.9,90.0,-1.0899999999999892,Low (0-5),Low (0-5),High (10-15%)
668227,Randy Arozarena,74,86,51.25,59.78,4.05,4.65,1.35,2.33,0.0,1.16,0.0,1.16,3,5,12.162162162162163,10.465116279069768,85.0,118.0,84.33333333333333,113.0,1.0813890021507553,1.4647324260891952,Normal,High-IV,46.432432432432435,53.825581395348834,16.86780274204934,23.90529936840986,15.384615384615385,28.57142857142857,73.5,79.25,8.530000000000001,Low (0-5),Low (0-5),High (10-15%)
666181,Will Benson,36,49,58.93,25.84,2.78,4.08,2.78,4.08,2.78,2.04,0.0,0.0,4,4,11.11111111111111,10.204081632653061,115.0,61.0,107.0,58.333333333333336,1.7799706635803552,1.120444622277727,Gamma,Normal,32.638888888888886,21.163265306122447,27.764471416107906,18.286318814411853,12.5,0.0,105.0,0.0,-33.09,Low (0-5),Low (0-5),High (10-15%)
666182,Bo Bichette,77,62,52.7,63.16,5.19,6.45,0.0,1.61,0.0,0.0,0.0,0.0,2,3,11.688311688311687,12.903225806451612,92.0,102.0,86.33333333333333,98.0,1.1964180464194856,1.5654362793117507,Normal,High-IV,46.58441558441559,53.45161290322581,18.662057376110162,25.54884580457717,15.384615384615385,36.36363636363637,79.5,74.75,10.459999999999994,No Tears,Low (0-5),High (10-15%)
666185,Dylan Carlson,32,42,29.46,48.68,3.12,7.14,3.12,2.38,0.0,2.38,0.0,2.38,3,5,12.5,11.904761904761903,63.0,66.0,61.0,63.333333333333336,1.2951562914775394,1.1513258451291881,Normal,Normal,27.25,15.595238095238095,20.202203648564296,18.790318633066654,0.0,8.333333333333332,0.0,62.0,19.22,Low (0-5),Low (0-5),High (10-15%)
686668,Brenton Doyle,66,72,52.95,54.04,6.06,4.17,1.52,2.78,0.0,1.39,0.0,0.0,3,4,10.606060606060606,12.5,101.0,102.0,89.33333333333333,102.0,1.3013696277631437,1.3908465259063925,Normal,High-IV,33.28787878787879,37.44444444444444,20.299120974916928,22.699437784741477,7.6923076923076925,14.285714285714285,101.0,68.0,1.0899999999999963,Low (0-5),Low (0-5),High (10-15%)
543309,Kyle Higashioka,37,56,18.74,50.3,5.41,5.36,0.0,1.79,0.0,1.79,0.0,0.0,2,4,13.513513513513514,10.714285714285714,32.0,76.0,31.333333333333332,74.33333333333333,0.5736401431994265,1.305313537320666,Low-Vol,Normal,14.783783783783784,29.625,8.947796547925252,21.303488830790986,0.0,14.285714285714285,0.0,66.0,31.56,No Tears,Low (0-5),High (10-15%)
545361,Mike Trout,51,79,53.32,48.29,3.92,3.8,1.96,0.0,1.96,0.0,1.96,0.0,5,2,11.76470588235294,10.126582278481013,92.0,86.0,91.0,81.66666666666667,1.44495599261207,1.0363448425560744,High-IV,Normal,44.372549019607845,43.278481012658226,22.53882054084794,16.913760676656118,22.22222222222222,14.285714285714285,60.0,76.5,-5.030000000000001,Low (0-5),No Tears,High (10-15%)
686681,Michael Massey,55,20,17.84,17.63,5.45,0.0,0.0,0.0,0.0,0.0,0.0,0.0,2,0,10.909090909090908,10.0,42.0,38.0,40.333333333333336,37.666666666666664,0.7050197500455033,0.6681060803567865,Low-Vol,Low-Vol,20.90909090909091,20.5,10.997091749004685,10.903886318286029,0.0,0.0,0.0,0.0,-0.21000000000000085,No Tears,No Tears,High (10-15%)
672356,Gabriel Arias,69,58,44.11,19.5,4.35,6.9,0.0,0.0,0.0,0.0,0.0,0.0,2,2,10.144927536231885,10.344827586206897,76.0,53.0,71.66666666666667,53.0,0.9621311156324389,0.8409501456389751,Low-Vol,Low-Vol,31.91304347826087,30.344827586206897,15.007585464803322,13.724803675632824,7.6923076923076925,0.0,71.0,0.0,-24.61,No Tears,No Tears,High (10-15%)
641658,Garrett Hampson,21,18,18.39,13.72,9.52,11.11,0.0,0.0,0.0,0.0,0.0,0.0,2,2,14.285714285714285,11.11111111111111,24.0,14.0,21.333333333333332,11.0,0.44491317053852625,0.27412992201326614,Low-Vol,Low-Vol,9.523809523809524,3.611111111111111,6.939877863615812,4.473962434942995,0.0,0.0,0.0,0.0,-4.67,No Tears,No Tears,High (10-15%)
662139,Daulton Varsho,23,44,51.93,52.18,4.35,4.55,0.0,2.27,0.0,2.27,0.0,0.0,2,4,13.043478260869565,11.363636363636363,67.0,81.0,65.33333333333333,79.66666666666667,1.1090430424173172,1.2544015357945641,Normal,Normal,40.47826086956522,44.38636363636363,17.299158059432184,20.472574858895147,20.0,22.22222222222222,67.0,63.0,0.25,No Tears,Low (0-5),High (10-15%)
676475,Alec Burleson,66,72,45.65,40.95,4.55,2.78,3.03,0.0,0.0,0.0,0.0,0.0,3,2,10.606060606060606,11.11111111111111,86.0,67.0,83.33333333333333,65.0,1.1880025952691118,0.8091015864595139,Normal,Low-Vol,34.45454545454545,41.27777777777778,18.530790857116965,13.20501635606735,7.6923076923076925,7.6923076923076925,59.0,63.0,-4.699999999999996,Low (0-5),No Tears,High (10-15%)
680574,Matt McLain,68,76,49.21,42.8,5.88,7.89,1.47,0.0,0.0,0.0,0.0,0.0,3,2,10.294117647058822,11.842105263157894,76.0,78.0,75.33333333333333,74.0,1.2617199186916708,1.0141079472160561,Normal,Normal,40.01470588235294,33.171052631578945,19.6806539199838,16.55084139484132,7.6923076923076925,7.142857142857142,74.0,60.0,-6.410000000000004,Low (0-5),No Tears,High (10-15%)
682622,Noelvi Marte,18,70,71.31,47.37,5.56,5.71,5.56,0.0,0.0,0.0,0.0,0.0,3,2,11.11111111111111,10.0,106.0,75.0,100.0,73.66666666666667,2.0864771208670705,1.0695695776352716,Nuclear,Normal,59.833333333333336,39.42857142857143,32.54544334239344,17.456008000711705,50.0,23.076923076923077,79.5,63.666666666666664,-23.940000000000005,Moderate (5-15),No Tears,High (10-15%)
672386,Alejandro Kirk,63,67,53.5,46.18,4.76,7.46,1.59,1.49,0.0,0.0,0.0,0.0,3,3,12.698412698412698,11.940298507462686,85.0,70.0,82.0,69.0,1.139255827855044,1.0118424807542736,Normal,Normal,33.61904761904762,31.47761194029851,17.770425386950638,16.513867642493526,7.6923076923076925,7.142857142857142,84.0,67.0,-7.32,Low (0-5),Low (0-5),High (10-15%)
682626,Francisco Alvarez,34,40,18.64,54.63,5.88,5.0,0.0,0.0,0.0,0.0,0.0,0.0,2,2,11.76470588235294,12.5,40.0,86.0,39.333333333333336,74.66666666666667,0.6646313968243206,1.2127167422156424,Low-Vol,Normal,21.08823529411765,33.4,10.367103119699069,19.792254377238923,0.0,12.5,0.0,86.0,35.99,No Tears,No Tears,High (10-15%)
592518,Manny Machado,77,82,61.26,55.74,9.09,4.88,1.3,1.22,1.3,1.22,0.0,0.0,4,4,10.38961038961039,12.195121951219512,102.0,112.0,100.33333333333333,104.33333333333333,1.3137350571556363,1.3019499520764135,Normal,Normal,54.1948051948052,45.59756097560975,20.492000339695437,21.24859313053691,46.15384615384615,28.57142857142857,74.5,68.0,-5.519999999999996,Low (0-5),Low (0-5),High (10-15%)
641680,Jonah Heim,58,64,19.74,22.7,5.17,6.25,0.0,1.56,0.0,1.56,0.0,1.56,2,5,10.344827586206897,12.5,49.0,51.0,47.666666666666664,50.0,0.8824749600890162,0.8183753467944486,Low-Vol,Low-Vol,25.43103448275862,22.359375,13.76508686695912,13.356369608804037,0.0,0.0,0.0,0.0,2.960000000000001,No Tears,Low (0-5),High (10-15%)
682641,Luis Matos,23,32,26.39,58.76,8.7,3.12,4.35,3.12,0.0,3.12,0.0,0.0,3,4,13.043478260869565,12.5,46.0,86.0,35.0,78.66666666666667,0.8554624110558404,1.5910970195285528,Low-Vol,High-IV,11.347826086956522,30.5625,13.343737706069444,25.967644259483702,0.0,11.11111111111111,0.0,79.0,32.37,Low (0-5),Low (0-5),High (10-15%)
678554,Curtis Mead,41,47,25.97,26.76,4.88,8.51,2.44,6.38,2.44,2.13,2.44,0.0,5,4,12.195121951219512,10.638297872340425,66.0,67.0,59.666666666666664,59.666666666666664,1.011893364742045,1.0,Normal,Normal,17.146341463414632,22.170212765957448,15.783790697436654,16.32059135349144,0.0,0.0,0.0,0.0,0.7900000000000027,Low (0-5),Moderate (5-15),High (10-15%)
682657,Angel Martínez,60,75,20.22,53.35,5.0,4.0,0.0,2.67,0.0,1.33,0.0,1.33,2,7,11.666666666666666,10.666666666666668,64.0,88.0,59.666666666666664,85.33333333333333,0.7828517649911727,1.3577530650119924,Low-Vol,High-IV,32.8,28.466666666666665,12.211136900664886,22.159332933011225,0.0,7.142857142857142,0.0,80.0,33.13,No Tears,Low (0-5),High (10-15%)
682663,Agustín Ramírez,52,84,56.99,54.11,5.77,7.14,1.92,0.0,0.0,0.0,0.0,0.0,3,2,17.307692307692307,10.714285714285714,81.0,87.0,74.0,86.0,0.9835193345901448,1.1055053453820838,Low-Vol,Normal,42.48076923076923,48.714285714285715,15.341204780021814,18.042500981081407,11.11111111111111,35.714285714285715,81.0,70.4,-2.8800000000000026,Low (0-5),No Tears,Elite (15%+)
682668,Luisangel Acuña,49,18,24.75,18.14,8.16,11.11,0.0,5.56,0.0,0.0,0.0,0.0,2,3,12.244897959183673,11.11111111111111,56.0,20.0,54.0,18.0,1.1285377965009995,0.37273770456028377,Normal,Low-Vol,22.20408163265306,9.777777777777779,17.603242589360175,6.083299758166814,0.0,0.0,0.0,0.0,-6.609999999999999,No Tears,Moderate (5-15),High (10-15%)
516782,Starling Marte,49,47,18.67,49.05,6.12,8.51,0.0,2.13,0.0,0.0,0.0,0.0,2,3,10.204081632653061,10.638297872340425,56.0,78.0,54.0,74.0,0.73910748191395,1.2259005737700104,Low-Vol,Normal,23.591836734693878,26.914893617021278,11.528801555501007,20.007422304511028,0.0,8.333333333333332,0.0,69.0,30.379999999999995,No Tears,Low (0-5),High (10-15%)
664238,Dylan Moore,55,39,51.6,15.86,3.64,5.13,3.64,0.0,1.82,0.0,0.0,0.0,4,2,10.909090909090908,10.256410256410255,88.0,30.0,77.0,28.666666666666668,1.3510248197507457,0.6021256618728777,High-IV,Low-Vol,28.10909090909091,10.461538461538462,21.073656301149786,9.8270468708778,7.6923076923076925,0.0,70.0,0.0,-35.74,Low (0-5),No Tears,High (10-15%)
686780,Pedro Pagés,53,54,14.75,26.22,3.77,9.26,0.0,5.56,0.0,1.85,0.0,0.0,2,4,11.320754716981133,11.11111111111111,37.0,62.0,35.0,60.333333333333336,0.4242582213487486,0.9822635170070337,Low-Vol,Low-Vol,23.22641509433962,23.38888888888889,6.617696291686296,16.031121462515088,0.0,0.0,0.0,0.0,11.469999999999999,No Tears,Moderate (5-15),High (10-15%)
527038,Wilmer Flores,75,50,52.17,16.3,6.67,8.0,1.33,0.0,0.0,0.0,0.0,0.0,3,2,12.0,10.0,85.0,39.0,85.0,38.0,1.171228188046993,0.6507155070337748,Normal,Low-Vol,42.57333333333333,17.7,18.269139044887734,10.620061877678223,15.384615384615385,0.0,74.0,0.0,-35.870000000000005,Low (0-5),No Tears,High (10-15%)
660162,Yoán Moncada,30,53,49.25,27.78,3.33,7.55,0.0,1.89,0.0,1.89,0.0,0.0,2,4,13.333333333333334,15.09433962264151,78.0,70.0,68.0,66.66666666666667,1.1334218256599926,1.0202802846294827,Normal,Normal,37.7,26.264150943396228,17.67942501795568,16.651577591461724,14.285714285714285,0.0,63.0,0.0,-21.47,No Tears,Low (0-5),High (10-15%)
666310,Bo Naylor,57,62,21.2,28.83,10.53,6.45,0.0,1.61,0.0,1.61,0.0,1.61,2,5,10.526315789473683,14.516129032258066,54.0,83.0,53.666666666666664,75.33333333333333,0.9766289244093704,1.1967569611380917,Low-Vol,Normal,25.596491228070175,23.596774193548388,15.233726269041998,19.53178131218103,0.0,0.0,0.0,0.0,7.629999999999999,No Tears,Low (0-5),High (10-15%)
686797,Brooks Lee,59,78,41.65,24.78,6.78,6.41,0.0,2.56,0.0,2.56,0.0,1.28,2,5,10.16949152542373,10.256410256410255,61.0,93.0,60.666666666666664,84.0,0.9998872562030201,1.1816491139512078,Low-Vol,Normal,33.91525423728814,32.282051282051285,15.59651611804559,19.285212312012902,9.090909090909092,0.0,60.0,0.0,-16.869999999999997,No Tears,Low (0-5),High (10-15%)
676572,Eric Wagaman,71,67,46.02,22.94,4.23,7.46,1.41,1.49,0.0,0.0,0.0,0.0,3,3,11.267605633802818,13.432835820895523,76.0,54.0,73.33333333333333,51.333333333333336,1.0592590853839505,0.7695201509298752,Normal,Low-Vol,34.943661971830984,26.597014925373134,16.522614220640286,12.55902392160355,7.6923076923076925,0.0,67.0,0.0,-23.080000000000002,Low (0-5),Low (0-5),High (10-15%)
649966,Luis Urías,61,31,44.03,25.23,6.56,6.45,3.28,3.23,0.0,3.23,0.0,0.0,3,4,11.475409836065573,16.129032258064516,63.0,36.0,61.333333333333336,34.0,0.9038476062381878,0.6490609911789658,Low-Vol,Low-Vol,33.0,14.290322580645162,14.098463273231827,10.593059200524014,7.6923076923076925,0.0,60.0,0.0,-18.8,Low (0-5),Low (0-5),High (10-15%)
592626,Joc Pederson,46,50,26.16,21.65,4.35,4.0,2.17,0.0,0.0,0.0,0.0,0.0,3,2,15.217391304347828,10.0,46.0,65.0,43.0,64.0,0.8840904508615621,1.0599697708919849,Low-Vol,Normal,18.695652173913043,29.72,13.790285735847844,17.29933347778203,0.0,0.0,0.0,0.0,-4.510000000000002,Low (0-5),No Tears,Elite (15%+)
676609,José Caballero,55,54,24.97,43.57,3.64,7.41,1.82,0.0,1.82,0.0,0.0,0.0,4,2,10.909090909090908,11.11111111111111,84.0,84.0,84.0,76.66666666666667,1.1705678268637205,1.149364635199332,Normal,Normal,35.8,28.444444444444443,18.258838549732157,18.75831052724306,0.0,7.142857142857142,0.0,59.0,18.6,Low (0-5),No Tears,High (10-15%)
672515,Gabriel Moreno,51,29,46.58,47.32,5.88,6.9,1.96,0.0,1.96,0.0,0.0,0.0,4,2,11.76470588235294,10.344827586206897,68.0,79.0,64.66666666666667,75.33333333333333,0.9436719756032645,1.0128774839200632,Low-Vol,Normal,30.176470588235293,40.86206896551724,14.719654727408441,16.53075950621195,8.333333333333332,16.666666666666664,68.0,68.0,0.740000000000002,Low (0-5),No Tears,High (10-15%)
678662,Ezequiel Tovar,32,63,63.39,46.74,6.25,6.35,3.12,0.0,0.0,0.0,0.0,0.0,3,2,12.5,11.11111111111111,91.0,68.0,86.33333333333333,67.33333333333333,1.7014840711319588,0.922339324438375,Gamma,Low-Vol,38.4375,37.12698412698413,26.54021598473021,15.05312320341408,33.33333333333333,18.181818181818183,73.0,67.5,-16.65,Low (0-5),No Tears,High (10-15%)
680718,Addison Barger,53,81,55.3,55.2,7.55,6.17,1.89,1.23,1.89,0.0,0.0,0.0,4,3,11.320754716981133,11.11111111111111,95.0,97.0,90.0,95.66666666666667,1.6104522550114422,1.3877785765278634,Gamma,High-IV,39.83018867924528,40.864197530864196,25.120276708006074,22.64936703664131,20.0,14.285714285714285,68.5,81.0,-0.09999999999999432,Low (0-5),Low (0-5),High (10-15%)
592663,J.T. Realmuto,64,70,18.82,42.76,6.25,5.71,0.0,1.43,0.0,0.0,0.0,0.0,2,3,10.9375,11.428571428571429,57.0,78.0,53.666666666666664,73.0,0.7255814038467402,0.9064122737936747,Low-Vol,Low-Vol,32.453125,32.72857142857143,11.317818073833003,14.793184318375564,0.0,7.142857142857142,0.0,61.0,23.939999999999998,No Tears,Low (0-5),High (10-15%)
666397,Edouard Julien,28,34,22.99,17.74,3.57,5.88,0.0,2.94,0.0,0.0,0.0,0.0,2,3,10.714285714285714,11.76470588235294,51.0,29.0,50.333333333333336,29.0,1.064262762830738,0.44673985843643776,Normal,Low-Vol,26.785714285714285,14.147058823529411,16.60066295609939,7.2910586708577165,0.0,0.0,0.0,0.0,-5.25,No Tears,Low (0-5),High (10-15%)
572191,Michael A. Taylor,53,57,21.31,41.65,3.77,7.02,1.89,0.0,0.0,0.0,0.0,0.0,3,2,11.320754716981133,10.526315789473683,46.0,63.0,44.0,60.333333333333336,0.8224941117954071,0.992327572752393,Low-Vol,Low-Vol,20.9811320754717,18.17543859649123,12.829489116931015,16.195372803693854,0.0,7.142857142857142,0.0,59.0,20.34,Low (0-5),No Tears,High (10-15%)
807713,Matt Shaw,46,77,28.19,52.46,4.35,6.49,2.17,1.3,0.0,0.0,0.0,0.0,3,3,13.043478260869565,10.38961038961039,60.0,89.0,59.333333333333336,86.0,1.2557690218388469,1.3271204330008592,Normal,Normal,33.30434782608695,36.63636363636363,19.587830196002816,21.65939026387564,0.0,14.285714285714285,0.0,76.0,24.27,Low (0-5),Low (0-5),High (10-15%)
690987,Robert Hassell III,21,43,31.54,20.05,4.76,9.3,0.0,0.0,0.0,0.0,0.0,0.0,2,2,19.047619047619047,11.627906976744185,55.0,51.0,53.0,49.0,1.0234431535933275,0.7410014104371117,Normal,Low-Vol,26.38095238095238,23.53488372093023,15.963947476975083,12.093581212104887,0.0,0.0,0.0,0.0,-11.489999999999998,No Tears,No Tears,Elite (15%+)
660271,Shohei Ohtani,77,81,68.72,70.58,6.49,6.17,1.3,2.47,0.0,2.47,0.0,1.23,3,5,10.38961038961039,11.11111111111111,127.0,121.0,125.66666666666667,115.66666666666667,1.7816351721094807,1.4877723425309448,Gamma,High-IV,70.14285714285714,66.35802469135803,27.79043487743025,24.281324429474243,57.14285714285714,64.28571428571429,82.125,76.44444444444444,1.8599999999999994,Low (0-5),Low (0-5),High (10-15%)
690993,Colt Keith,69,68,23.86,49.49,5.8,2.94,1.45,0.0,1.45,0.0,0.0,0.0,4,2,10.144927536231885,10.294117647058822,78.0,84.0,75.33333333333333,78.66666666666667,1.1808698972091363,1.2134187726127534,Normal,Normal,32.31884057971015,32.14705882352941,18.41953307323441,19.8037119284679,0.0,15.384615384615385,0.0,72.0,25.630000000000003,Low (0-5),No Tears,High (10-15%)
656180,Riley Adams,19,62,22.86,21.91,5.26,9.68,5.26,1.61,5.26,0.0,0.0,0.0,4,3,10.526315789473683,12.903225806451612,32.0,47.0,26.0,45.666666666666664,0.6686597778152611,0.7440986790547274,Low-Vol,Low-Vol,7.315789473684211,23.20967741935484,10.429938913099834,12.144130467524986,0.0,0.0,0.0,0.0,-0.9499999999999993,Moderate (5-15),Low (0-5),High (10-15%)
680757,Steven Kwan,73,83,52.39,58.48,4.11,8.43,2.74,2.41,1.37,2.41,0.0,1.2,4,5,10.95890410958904,12.048192771084338,86.0,89.0,81.0,86.66666666666667,1.0443546132498995,1.3716082624888573,Normal,High-IV,43.726027397260275,44.19277108433735,16.290130169635948,22.38545794915306,23.076923076923077,21.428571428571427,71.33333333333333,79.66666666666667,6.089999999999996,Low (0-5),Low (0-5),High (10-15%)
641857,Ryan McMahon,75,76,61.01,23.0,4.0,5.26,2.67,1.32,0.0,0.0,0.0,0.0,3,3,13.333333333333334,10.526315789473683,98.0,75.0,93.0,70.66666666666667,1.5445245705231974,1.0763748742084869,High-IV,Normal,40.72,30.105263157894736,24.091918573258972,17.567074465122467,30.76923076923077,0.0,69.0,0.0,-38.01,Low (0-5),Low (0-5),High (10-15%)
607043,Brandon Nimmo,74,81,57.06,54.61,6.76,7.41,2.7,0.0,0.0,0.0,0.0,0.0,3,2,10.81081081081081,11.11111111111111,96.0,98.0,93.33333333333333,97.0,1.4648316532978023,1.3557448684038502,High-IV,High-IV,46.229729729729726,44.876543209876544,22.848846556599945,22.12655797681227,15.384615384615385,14.285714285714285,81.0,90.5,-2.450000000000003,Low (0-5),No Tears,High (10-15%)
672580,Maikel Garcia,75,83,58.69,56.53,4.0,7.23,1.33,2.41,0.0,1.2,0.0,1.2,3,5,10.666666666666668,13.253012048192772,115.0,102.0,109.66666666666667,98.66666666666667,1.4729230856140731,1.157299795983166,High-IV,Normal,51.22666666666667,45.69879518072289,22.97505894080216,18.887817043720265,23.076923076923077,14.285714285714285,82.33333333333333,83.5,-2.1599999999999966,Low (0-5),Low (0-5),High (10-15%)
691016,Tyler Soderstrom,79,78,60.84,48.27,3.8,7.69,2.53,0.0,1.27,0.0,0.0,0.0,4,2,12.658227848101266,11.538461538461538,97.0,93.0,93.33333333333333,87.66666666666667,1.2563931748065373,1.1740635275431128,Normal,Normal,50.40506329113924,42.55128205128205,19.59756590546438,19.161411056069788,30.76923076923077,14.285714285714285,79.75,67.0,-12.57,Low (0-5),No Tears,High (10-15%)
514888,Jose Altuve,75,80,59.77,58.21,4.0,2.5,2.67,0.0,1.33,0.0,0.0,0.0,4,2,10.666666666666668,11.25,98.0,120.0,94.33333333333333,109.33333333333333,1.451528980358817,1.5198846819283756,High-IV,High-IV,45.06666666666667,45.5875,22.641347809497354,24.805416798184336,23.076923076923077,21.428571428571427,85.0,82.66666666666667,-1.5600000000000023,Low (0-5),No Tears,High (10-15%)
572233,Christian Walker,75,79,45.14,56.76,5.33,6.33,1.33,2.53,0.0,0.0,0.0,0.0,3,3,13.333333333333334,10.126582278481013,65.0,79.0,59.666666666666664,78.33333333333333,0.8477171992309861,1.2746037631567897,Low-Vol,Normal,37.45333333333333,42.78481012658228,13.22292576420838,20.802287156104356,7.6923076923076925,35.714285714285715,65.0,69.0,11.619999999999997,Low (0-5),Low (0-5),High (10-15%)
680776,Jarren Duran,78,79,56.85,52.27,3.85,7.59,1.28,1.27,1.28,0.0,0.0,0.0,4,3,10.256410256410255,10.126582278481013,96.0,109.0,93.0,100.66666666666667,1.369596559004624,1.2219590902299555,High-IV,Normal,50.294871794871796,49.69620253164557,21.363343392185616,19.94309496232728,30.76923076923077,28.57142857142857,73.75,66.0,-4.579999999999998,Low (0-5),Low (0-5),High (10-15%)
680777,Ryan Jeffers,61,54,23.77,48.79,3.28,5.56,1.64,3.7,0.0,1.85,0.0,0.0,3,4,11.475409836065573,11.11111111111111,64.0,79.0,63.666666666666664,79.0,1.0284134993642873,1.1811553610222303,Normal,Normal,31.934426229508198,30.296296296296298,16.041476295797526,19.277153972229474,0.0,8.333333333333332,0.0,65.0,25.02,Low (0-5),Low (0-5),High (10-15%)
680779,Henry Davis,33,48,21.56,17.05,6.06,6.25,0.0,2.08,0.0,0.0,0.0,0.0,2,3,12.121212121212121,10.416666666666668,43.0,35.0,40.333333333333336,32.333333333333336,0.8771257419281242,0.5577100964611967,Low-Vol,Low-Vol,18.0,12.541666666666666,13.681648292512127,9.102158578059484,0.0,0.0,0.0,0.0,-4.509999999999998,No Tears,Low (0-5),High (10-15%)
670541,Yordan Alvarez,29,19,24.9,78.72,3.45,5.26,3.45,5.26,0.0,0.0,0.0,0.0,3,3,10.344827586206897,15.789473684210526,67.0,92.0,63.666666666666664,92.0,1.0490620057793072,1.788479253382475,Normal,Gamma,34.13793103448276,53.0,16.363557371556368,29.189039038652847,0.0,66.66666666666666,0.0,72.5,53.82,Low (0-5),Moderate (5-15),High (10-15%)
682829,Elly De La Cruz,78,84,66.34,51.73,3.85,3.57,2.56,1.19,1.28,1.19,0.0,0.0,4,4,12.82051282051282,10.714285714285714,109.0,85.0,103.0,81.66666666666667,1.297971837261846,0.9353750386316497,Normal,Low-Vol,61.87179487179487,45.035714285714285,20.246121305213695,15.265873767763425,46.15384615384615,28.57142857142857,80.83333333333333,72.25,-14.610000000000007,Low (0-5),Low (0-5),High (10-15%)
691023,Jordan Walker,50,54,23.7,23.66,12.0,5.56,2.0,3.7,0.0,1.85,0.0,0.0,3,4,12.0,11.11111111111111,57.0,56.0,55.666666666666664,54.666666666666664,0.9170649051979871,0.8955581438612916,Low-Vol,Low-Vol,25.7,30.64814814814815,14.304630333552556,14.61603849925144,0.0,0.0,0.0,0.0,-0.03999999999999915,Low (0-5),Low (0-5),High (10-15%)
467793,Carlos Santana,71,51,52.31,24.5,5.63,7.84,2.82,3.92,1.41,1.96,0.0,0.0,4,4,11.267605633802818,11.76470588235294,79.0,51.0,77.66666666666667,51.0,1.222787355202159,0.8730227304647371,Normal,Low-Vol,39.32394366197183,22.54901960784314,19.073373098857193,14.248247226224278,7.6923076923076925,0.0,79.0,0.0,-27.810000000000002,Low (0-5),Low (0-5),High (10-15%)
691026,Masyn Winn,64,63,53.34,42.57,6.25,6.35,1.56,1.59,0.0,0.0,0.0,0.0,3,3,10.9375,11.11111111111111,73.0,64.0,73.0,61.333333333333336,1.2537594850057496,0.7923197210991493,Normal,Low-Vol,40.640625,36.58730158730159,19.55648488840661,12.931126389371526,25.0,8.333333333333332,68.33333333333333,64.0,-10.770000000000003,Low (0-5),Low (0-5),High (10-15%)
676694,Jake Meyers,71,27,53.73,29.79,7.04,7.41,2.82,7.41,0.0,0.0,0.0,0.0,3,3,11.267605633802818,11.11111111111111,84.0,59.0,82.0,58.0,1.2464314829564862,1.1308319112807927,Normal,Normal,40.66197183098591,28.814814814814813,19.442180699243906,18.455845513501504,7.6923076923076925,0.0,83.0,0.0,-23.939999999999998,Low (0-5),Moderate (5-15),High (10-15%)
686948,Drake Baldwin,50,73,25.42,56.85,4.0,4.11,4.0,1.37,0.0,1.37,0.0,1.37,3,5,10.0,10.95890410958904,68.0,105.0,65.66666666666667,97.66666666666667,1.1214609301963647,1.4247721306460652,Normal,High-IV,25.0,41.28767123287671,17.4928556845359,23.25312371611775,0.0,21.428571428571427,0.0,78.0,31.43,Low (0-5),Low (0-5),Medium (5-10%)
578428,Jose Iglesias,51,57,24.3,18.39,3.92,7.02,1.96,1.75,0.0,0.0,0.0,0.0,3,3,11.76470588235294,10.526315789473683,55.0,47.0,54.666666666666664,44.666666666666664,0.9717006125071369,0.6187190490738487,Low-Vol,Low-Vol,19.098039215686274,20.54385964912281,15.156853106051777,10.0978607625551,0.0,0.0,0.0,0.0,-5.91,Low (0-5),Low (0-5),High (10-15%)
621438,Tyrone Taylor,67,33,22.31,21.39,4.48,3.03,0.0,0.0,0.0,0.0,0.0,0.0,2,2,11.940298507462686,12.121212121212121,66.0,51.0,65.33333333333333,46.0,0.9597233743369896,0.7559001122366447,Low-Vol,Low-Vol,29.47761194029851,13.151515151515152,14.970028854605928,12.336736835872593,0.0,0.0,0.0,0.0,-0.9199999999999982,No Tears,No Tears,High (10-15%)
621439,Byron Buxton,60,66,59.73,64.23,3.33,3.03,0.0,1.52,0.0,1.52,0.0,0.0,2,4,10.0,10.606060606060606,112.0,111.0,98.66666666666667,102.0,1.4513316267295655,1.50991933839822,High-IV,High-IV,56.483333333333334,50.68181818181818,22.638269433369967,24.642776498731504,41.66666666666667,50.0,73.4,72.5,4.500000000000007,No Tears,Low (0-5),Medium (5-10%)
672640,Otto Lopez,60,82,49.17,57.0,5.0,4.88,1.67,1.22,1.67,1.22,0.0,1.22,4,5,10.0,12.195121951219512,81.0,110.0,74.33333333333333,106.0,1.0407866063495104,1.324508719190412,Normal,Normal,38.03333333333333,42.78048780487805,16.234475417776686,21.61676555004306,18.181818181818183,21.428571428571427,71.0,78.33333333333333,7.829999999999998,Low (0-5),Low (0-5),Medium (5-10%)
553869,Elias Díaz,58,38,19.49,21.41,8.62,2.63,0.0,2.63,0.0,0.0,0.0,0.0,2,3,12.068965517241379,10.526315789473683,50.0,46.0,47.0,42.666666666666664,0.6772990796548428,0.7752070463393119,Low-Vol,Low-Vol,18.96551724137931,13.657894736842104,10.564697116641073,12.651837417651013,0.0,0.0,0.0,0.0,1.9200000000000017,No Tears,Low (0-5),High (10-15%)
641933,Tyler O'Neill,24,30,23.62,58.55,0.0,3.33,0.0,3.33,0.0,3.33,0.0,0.0,0,4,12.5,10.0,57.0,99.0,54.333333333333336,99.0,0.9234382047003177,1.7615472458354278,Low-Vol,Gamma,27.208333333333332,32.13333333333333,14.40404281010586,28.749492749148345,0.0,12.5,0.0,91.0,34.92999999999999,No Tears,Low (0-5),High (10-15%)
502671,Paul Goldschmidt,73,66,48.36,19.51,6.85,9.09,1.37,0.0,0.0,0.0,0.0,0.0,3,2,10.95890410958904,10.606060606060606,90.0,55.0,82.0,53.0,0.9295092281105194,0.8107148975940945,Low-Vol,Low-Vol,46.6986301369863,24.09090909090909,14.498740301130807,13.231346547820879,15.384615384615385,0.0,73.0,0.0,-28.849999999999998,Low (0-5),No Tears,High (10-15%)
805779,Jacob Wilson,74,51,54.59,44.27,4.05,3.92,0.0,0.0,0.0,0.0,0.0,0.0,2,2,10.81081081081081,11.76470588235294,82.0,62.0,81.33333333333333,61.333333333333336,1.209097936210179,1.0257911511523168,Normal,Normal,50.608108108108105,31.96078431372549,18.8598417805705,16.741518191984532,38.46153846153847,9.090909090909092,65.4,62.0,-10.32,No Tears,No Tears,High (10-15%)
670623,Isaac Paredes,74,28,57.5,47.93,5.41,7.14,1.35,0.0,0.0,0.0,0.0,0.0,3,2,12.162162162162163,10.714285714285714,100.0,71.0,98.66666666666667,63.333333333333336,1.4032205348262126,1.1737891680189338,High-IV,Normal,47.729729729729726,32.892857142857146,21.88781940445685,19.156933346391725,15.384615384615385,16.666666666666664,84.0,63.0,-9.57,Low (0-5),No Tears,High (10-15%)
701358,Cam Smith,63,70,51.09,49.49,7.94,5.71,1.59,2.86,0.0,1.43,0.0,0.0,3,4,11.11111111111111,10.0,86.0,91.0,82.33333333333333,85.33333333333333,1.2539031882139295,1.248254715389015,Normal,Normal,37.476190476190474,30.014285714285716,19.55872641052692,20.372255114932877,7.6923076923076925,14.285714285714285,77.0,65.5,-1.6000000000000014,Low (0-5),Low (0-5),High (10-15%)
682928,CJ Abrams,65,79,60.85,48.75,4.62,3.8,1.54,1.27,1.54,0.0,0.0,0.0,4,3,10.76923076923077,10.126582278481013,96.0,100.0,94.66666666666667,92.0,1.470693145200743,1.1204136740610195,High-IV,Normal,52.2,44.74683544303797,22.94027571761072,18.285813721213852,41.66666666666667,7.142857142857142,70.2,79.0,-12.100000000000001,Low (0-5),Low (0-5),High (10-15%)
656305,Matt Chapman,65,62,52.43,55.12,7.69,4.84,0.0,1.61,0.0,1.61,0.0,0.0,2,4,10.76923076923077,11.29032258064516,87.0,100.0,84.33333333333333,95.33333333333333,1.2106211279688202,1.4235301099672621,Normal,High-IV,46.58461538461538,42.854838709677416,18.883600944083327,23.232853204166418,27.27272727272727,23.076923076923077,69.0,68.66666666666667,2.6899999999999977,No Tears,Low (0-5),High (10-15%)
621493,Taylor Ward,75,82,59.47,54.17,4.0,4.88,1.33,2.44,1.33,1.22,1.33,0.0,7,4,10.666666666666668,10.975609756097562,138.0,86.0,132.66666666666666,84.33333333333333,1.9996257890517242,1.0334358537621204,Gamma,Normal,47.24,48.5609756097561,31.190712408352272,16.86628425929811,23.076923076923077,35.714285714285715,85.33333333333333,66.0,-5.299999999999997,Low (0-5),Low (0-5),High (10-15%)
672695,Geraldo Perdomo,76,85,56.73,60.48,7.89,3.53,0.0,0.0,0.0,0.0,0.0,0.0,2,2,10.526315789473683,12.941176470588237,89.0,106.0,86.66666666666667,101.33333333333333,1.316829240821175,1.2763395405300535,Normal,Normal,50.13157894736842,61.11764705882353,20.54026426656558,20.83061606929403,38.46153846153847,35.714285714285715,69.8,78.6,3.75,No Tears,No Tears,High (10-15%)
676801,Chas McCormick,23,25,29.89,20.91,13.04,8.0,8.7,4.0,0.0,0.0,0.0,0.0,3,3,30.434782608695656,12.0,20.0,30.0,17.333333333333332,30.0,0.39906411413967324,0.6048912645824936,Low-Vol,Low-Vol,6.260869565217392,15.72,6.224711685943578,9.872183142547549,0.0,0.0,0.0,0.0,-8.98,Moderate (5-15),Low (0-5),Elite (15%+)
695238,Will Wagner,20,35,12.78,20.8,0.0,8.57,0.0,2.86,0.0,0.0,0.0,0.0,0,3,10.0,11.428571428571429,29.0,40.0,23.0,34.666666666666664,0.36472584345812253,0.7161084063112927,Low-Vol,Low-Vol,14.45,14.371428571428572,5.689093906210743,11.687312664206619,0.0,0.0,0.0,0.0,8.020000000000001,No Tears,Low (0-5),Medium (5-10%)
605137,Josh Bell,66,74,52.79,54.26,4.55,6.76,3.03,4.05,1.52,0.0,0.0,0.0,4,3,10.606060606060606,10.81081081081081,83.0,99.0,81.33333333333333,98.33333333333333,1.2286517400634427,1.3950219297444588,Normal,High-IV,29.303030303030305,39.486486486486484,19.164847385026974,22.76758284451836,7.6923076923076925,21.428571428571427,81.0,64.0,1.4699999999999989,Low (0-5),Low (0-5),High (10-15%)
672724,Oswald Peraza,43,48,18.55,24.17,4.65,4.17,0.0,0.0,0.0,0.0,0.0,0.0,2,2,13.953488372093023,12.5,34.0,58.0,30.0,56.0,0.5521189820547747,0.9949013989170541,Low-Vol,Low-Vol,15.30232558139535,15.583333333333334,8.612103563952003,16.237379168742212,0.0,0.0,0.0,0.0,5.620000000000001,No Tears,No Tears,High (10-15%)
605141,Mookie Betts,72,78,53.75,56.91,4.17,5.13,1.39,1.28,1.39,0.0,0.0,0.0,4,3,11.11111111111111,11.538461538461538,91.0,107.0,87.66666666666667,101.0,1.1501210868126424,1.338285243277126,Normal,Normal,48.06944444444444,44.44871794871795,17.9399046811487,21.84160656993385,30.76923076923077,21.428571428571427,67.5,79.66666666666667,3.1599999999999966,Low (0-5),Low (0-5),High (10-15%)
678877,Jhonkensy Noel,44,17,17.34,18.51,4.55,5.88,0.0,0.0,0.0,0.0,0.0,0.0,2,2,11.363636363636363,11.76470588235294,38.0,36.0,34.333333333333336,27.333333333333332,0.6126743677484504,0.654736270191031,Low-Vol,Low-Vol,12.136363636363637,15.058823529411764,9.556663106187148,10.685683110096976,0.0,0.0,0.0,0.0,1.1700000000000017,No Tears,No Tears,High (10-15%)
678882,Ceddanne Rafaela,70,81,48.84,53.87,1.43,2.47,1.43,1.23,0.0,1.23,0.0,1.23,3,6,11.428571428571429,11.11111111111111,75.0,110.0,73.0,101.0,1.1108136518042144,1.3517604625556343,Normal,High-IV,38.41428571428571,38.03703703703704,17.326776511082794,22.061530117177075,15.384615384615385,14.285714285714285,66.5,77.5,5.029999999999994,Low (0-5),Low (0-5),High (10-15%)
607208,Trea Turner,76,65,63.38,66.12,5.26,6.15,1.32,0.0,0.0,0.0,0.0,0.0,3,2,10.526315789473683,13.846153846153847,122.0,142.0,116.0,129.66666666666666,1.3733271183279536,1.8456250532396874,High-IV,Gamma,58.39473684210526,56.10769230769231,21.421533681395406,30.121692285690823,53.84615384615385,41.66666666666667,71.28571428571429,79.8,2.740000000000002,Low (0-5),No Tears,High (10-15%)
457705,Andrew McCutchen,69,66,23.69,25.39,4.35,7.58,0.0,1.52,0.0,0.0,0.0,0.0,2,3,13.043478260869565,13.636363636363635,68.0,62.0,66.33333333333333,60.666666666666664,1.00011274379698,0.9865912423820121,Normal,Low-Vol,35.85507246376812,30.318181818181817,15.600033335483653,16.101752499850246,0.0,0.0,0.0,0.0,1.6999999999999993,No Tears,Low (0-5),High (10-15%)
672744,Alexander Canario,42,33,30.2,19.87,7.14,3.03,7.14,3.03,0.0,0.0,0.0,0.0,3,3,11.904761904761903,12.121212121212121,56.0,32.0,56.0,28.666666666666668,1.1466379134984614,0.5979996352801167,Normal,Low-Vol,21.357142857142858,12.575757575757576,17.88557318687317,9.759707676943707,0.0,0.0,0.0,0.0,-10.329999999999998,Moderate (5-15),Low (0-5),High (10-15%)
682985,Riley Greene,77,80,59.49,51.92,3.9,2.5,0.0,2.5,0.0,0.0,0.0,0.0,2,3,10.38961038961039,11.25,101.0,79.0,100.0,78.66666666666667,1.581321531513969,1.1922264981316668,High-IV,Normal,52.42857142857143,45.0,24.66588767990307,19.457841476811062,38.46153846153847,21.428571428571427,73.2,66.33333333333333,-7.57,No Tears,Low (0-5),High (10-15%)
691176,Jasson Domínguez,63,53,49.28,54.03,3.17,5.66,1.59,0.0,0.0,0.0,0.0,0.0,3,2,11.11111111111111,11.320754716981133,84.0,91.0,81.0,87.33333333333333,1.1890100486808437,1.442020666022154,Normal,High-IV,35.65079365079365,32.924528301886795,18.546505392207578,23.534630013437134,7.6923076923076925,15.384615384615385,73.0,75.0,4.75,Low (0-5),No Tears,High (10-15%)
605170,Victor Caratini,51,62,23.82,47.01,5.88,4.84,0.0,1.61,0.0,0.0,0.0,0.0,2,3,13.725490196078432,12.903225806451612,53.0,79.0,52.666666666666664,67.0,0.9109057790448913,1.1361385790044887,Low-Vol,Normal,25.725490196078432,27.693548387096776,14.208558591739767,18.54245346886871,0.0,7.6923076923076925,0.0,61.0,23.189999999999998,No Tears,Low (0-5),High (10-15%)
592885,Christian Yelich,73,77,62.96,59.37,5.48,2.6,1.37,2.6,0.0,1.3,0.0,0.0,3,4,10.95890410958904,10.38961038961039,104.0,105.0,100.33333333333333,104.66666666666667,1.7073347509316568,1.3064764347902638,Gamma,Normal,49.28767123287671,50.51948051948052,26.63147649558423,21.322468005178305,38.46153846153847,35.714285714285715,79.2,75.4,-3.5900000000000034,Low (0-5),Low (0-5),High (10-15%)
682998,Corbin Carroll,70,71,67.78,68.18,4.29,5.63,0.0,1.41,0.0,0.0,0.0,0.0,2,3,11.428571428571429,12.676056338028168,123.0,94.0,112.0,91.0,1.560248213359196,1.2902661257117427,High-IV,Normal,62.614285714285714,62.63380281690141,24.337180273920403,21.057906174993967,58.333333333333336,61.53846153846154,77.42857142857143,75.25,0.4000000000000057,No Tears,Low (0-5),High (10-15%)
672761,Wenceel Pérez,20,78,27.47,50.86,5.0,5.13,0.0,0.0,0.0,0.0,0.0,0.0,2,2,15.0,12.82051282051282,67.0,87.0,63.0,75.0,1.0657345212168827,1.024269250424992,Normal,Normal,42.35,34.47435897435897,16.623619847737896,16.716679872133284,0.0,7.142857142857142,0.0,87.0,23.39,No Tears,No Tears,High (10-15%)
683002,Gunnar Henderson,70,84,54.07,55.5,4.29,7.14,1.43,0.0,0.0,0.0,0.0,0.0,3,2,12.857142857142856,11.904761904761903,86.0,102.0,85.0,96.0,1.2485490563595532,1.1988169441504772,Normal,Normal,48.614285714285714,52.11904761904762,19.475211190939035,19.56540145312131,16.666666666666664,28.57142857142857,73.5,75.0,1.4299999999999997,Low (0-5),No Tears,High (10-15%)
621566,Matt Olson,76,86,52.78,60.74,3.95,3.49,1.32,1.16,1.32,1.16,1.32,1.16,5,7,10.526315789473683,10.465116279069768,95.0,145.0,89.33333333333333,135.66666666666666,1.1963310768607924,1.6196628309190106,Normal,Gamma,48.78947368421053,52.80232558139535,18.660700801040804,26.433855193868276,23.076923076923077,35.714285714285715,72.66666666666667,76.6,7.960000000000001,Low (0-5),Low (0-5),High (10-15%)
668670,Jake Rogers,16,29,17.87,25.3,6.25,6.9,0.0,3.45,0.0,3.45,0.0,3.45,2,5,12.5,17.24137931034483,25.0,27.0,21.333333333333332,26.666666666666668,0.5306663482044074,0.5891489224301527,Low-Vol,Low-Vol,10.125,11.89655172413793,8.277479487541282,9.61525880933235,0.0,0.0,0.0,0.0,7.43,No Tears,Low (0-5),High (10-15%)
609280,Miguel Andujar,46,48,18.51,53.83,0.0,6.25,0.0,2.08,0.0,0.0,0.0,0.0,0,3,10.869565217391305,10.416666666666668,51.0,87.0,49.0,85.33333333333333,0.6912580761356658,1.3011782640068013,Low-Vol,Normal,30.695652173913043,30.729166666666668,10.78243337865889,21.235998724900405,0.0,16.666666666666664,0.0,75.0,35.31999999999999,No Tears,Low (0-5),High (10-15%)
666624,Christopher Morel,53,47,45.55,14.83,5.66,8.51,0.0,0.0,0.0,0.0,0.0,0.0,2,2,11.320754716981133,10.638297872340425,74.0,30.0,67.33333333333333,30.0,1.2526057543302356,0.5262268919073104,Normal,Low-Vol,27.547169811320753,16.74468085106383,19.538488680369248,8.588334062037125,7.6923076923076925,0.0,61.0,0.0,-30.72,No Tears,No Tears,High (10-15%)
683011,Anthony Volpe,75,74,49.85,51.68,6.67,6.76,1.33,0.0,0.0,0.0,0.0,0.0,3,2,10.666666666666668,10.81081081081081,78.0,96.0,76.0,93.0,1.0285302415782593,1.2931246989551872,Normal,Normal,42.46666666666667,35.54054054054054,16.043297272923272,21.10455978075425,23.076923076923077,7.142857142857142,68.0,93.0,1.8299999999999983,Low (0-5),No Tears,High (10-15%)
500743,Miguel Rojas,43,65,22.93,20.59,9.3,6.15,2.33,1.54,0.0,0.0,0.0,0.0,3,3,13.953488372093023,10.76923076923077,42.0,66.0,36.333333333333336,52.0,0.7053868917031959,0.7976210398319546,Low-Vol,Low-Vol,12.44186046511628,27.384615384615383,11.002818525445013,13.017647046044251,0.0,0.0,0.0,0.0,-2.34,Low (0-5),Low (0-5),High (10-15%)
553993,Eugenio Suárez,77,82,64.47,59.4,6.49,8.54,2.6,2.44,0.0,0.0,0.0,0.0,3,3,10.38961038961039,10.975609756097562,108.0,91.0,102.66666666666667,89.66666666666667,1.7173221186978949,1.3177788288547871,Gamma,Normal,55.09090909090909,47.46341463414634,26.787262201799248,21.506929760021517,38.46153846153847,42.857142857142854,86.2,66.66666666666667,-5.07,Low (0-5),Low (0-5),High (10-15%)
543760,Marcus Semien,77,50,55.58,60.39,10.39,8.0,3.9,2.0,1.3,0.0,0.0,0.0,4,3,10.38961038961039,12.0,102.0,95.0,96.33333333333333,89.66666666666667,1.3478642500875297,1.4540322152258605,Normal,High-IV,37.05194805194805,45.28,21.024356867249864,23.730665599513184,15.384615384615385,22.22222222222222,78.0,82.5,4.810000000000002,Low (0-5),Low (0-5),High (10-15%)
680977,Brendan Donovan,70,48,47.45,23.37,7.14,6.25,2.86,0.0,0.0,0.0,0.0,0.0,3,2,10.0,12.5,84.0,59.0,77.66666666666667,57.666666666666664,0.9592038680388576,1.0007776817363463,Low-Vol,Normal,44.714285714285715,33.895833333333336,14.96192545264538,16.333283579313424,7.6923076923076925,0.0,76.0,0.0,-24.080000000000002,Low (0-5),No Tears,Medium (5-10%)
457759,Justin Turner,40,37,16.52,14.3,12.5,8.11,2.5,0.0,0.0,0.0,0.0,0.0,3,2,10.0,10.81081081081081,32.0,26.0,31.0,24.0,0.5142495434750224,0.45063296842214146,Low-Vol,Low-Vol,12.375,9.486486486486486,8.021405657236686,7.354596528028583,0.0,0.0,0.0,0.0,-2.219999999999999,Low (0-5),No Tears,Medium (5-10%)
668709,JJ Bleday,59,38,48.22,54.79,6.78,7.89,0.0,2.63,0.0,2.63,0.0,0.0,2,4,11.864406779661017,13.157894736842104,83.0,81.0,80.0,80.33333333333333,1.1896184340470033,1.60719031786435,Normal,Gamma,32.05084745762712,26.842105263157894,18.555995154288677,26.23029640515207,8.333333333333332,10.0,70.0,66.0,6.57,No Tears,Low (0-5),High (10-15%)
642086,Dominic Smith,16,47,64.58,21.7,6.25,6.38,6.25,2.13,0.0,0.0,0.0,0.0,3,3,18.75,10.638297872340425,62.0,58.0,58.666666666666664,55.0,1.0099983819730671,0.8478082098161506,Normal,Low-Vol,35.0625,28.25531914893617,15.754232235603654,13.836731338544524,33.33333333333333,0.0,62.0,0.0,-42.879999999999995,Moderate (5-15),Low (0-5),Elite (15%+)
695336,Thomas Saggese,15,66,23.84,48.26,6.67,3.03,0.0,1.52,0.0,0.0,0.0,0.0,2,3,13.333333333333334,10.606060606060606,45.0,74.0,41.333333333333336,70.33333333333333,0.8682066350932348,1.1228392069052964,Low-Vol,Normal,23.4,26.681818181818183,13.542525613784159,18.325399851579768,0.0,7.142857142857142,0.0,74.0,24.419999999999998,No Tears,Low (0-5),High (10-15%)
668715,Spencer Steer,71,71,24.91,53.6,4.23,7.04,1.41,0.0,0.0,0.0,0.0,0.0,3,2,12.676056338028168,11.267605633802818,74.0,90.0,66.66666666666667,84.0,1.0528111156523672,1.2523265262852032,Normal,Normal,35.2112676056338,42.12676056338028,16.422037017337185,20.43870947663826,0.0,21.428571428571427,0.0,75.66666666666667,28.69,Low (0-5),No Tears,High (10-15%)
670764,Taylor Walls,56,33,22.28,23.44,3.57,3.03,1.79,0.0,0.0,0.0,0.0,0.0,3,2,10.714285714285714,12.121212121212121,60.0,53.0,57.666666666666664,51.666666666666664,0.9291398471584987,0.9968523230038165,Low-Vol,Low-Vol,26.089285714285715,28.0,14.492978595562354,16.269219403523945,0.0,0.0,0.0,0.0,1.1600000000000001,Low (0-5),No Tears,High (10-15%)
670770,TJ Friedl,73,78,53.63,21.5,6.85,8.97,1.37,1.28,0.0,0.0,0.0,0.0,3,3,10.95890410958904,11.538461538461538,84.0,64.0,80.66666666666667,62.0,1.0794791227337028,0.8434871029972454,Normal,Low-Vol,49.15068493150685,34.15384615384615,16.83801191820716,13.766208319958388,30.76923076923077,0.0,70.25,0.0,-32.13,Low (0-5),Low (0-5),High (10-15%)
676914,Davis Schneider,20,60,20.46,24.3,5.0,6.67,5.0,1.67,5.0,0.0,0.0,0.0,4,3,10.0,11.666666666666666,33.0,63.0,28.333333333333332,59.0,0.5835480046670558,1.054492225074562,Low-Vol,Normal,9.7,28.766666666666666,9.10234209305206,17.20993669087585,0.0,0.0,0.0,0.0,3.84,Low (0-5),Low (0-5),Medium (5-10%)
672820,Lenyn Sosa,63,77,22.46,48.46,7.94,3.9,4.76,0.0,1.59,0.0,0.0,0.0,4,2,11.11111111111111,11.688311688311687,51.0,85.0,51.0,82.33333333333333,0.7114247184390984,1.0920729384090146,Low-Vol,Normal,29.77777777777778,42.42857142857143,11.096998205624224,17.823276155980157,0.0,7.142857142857142,0.0,77.0,26.0,Low (0-5),No Tears,High (10-15%)
693304,Nick Gonzales,18,78,21.57,36.99,11.11,7.69,0.0,0.0,0.0,0.0,0.0,0.0,2,2,11.11111111111111,10.256410256410255,46.0,62.0,44.333333333333336,58.666666666666664,0.8911749875067249,0.6347466617024725,Low-Vol,Low-Vol,27.944444444444443,32.48717948717949,13.900792284750924,10.35944087863893,0.0,7.142857142857142,0.0,59.0,15.420000000000002,No Tears,No Tears,High (10-15%)
693307,Dillon Dingler,59,66,44.55,23.83,1.69,6.06,1.69,3.03,0.0,0.0,0.0,0.0,3,3,13.559322033898304,12.121212121212121,63.0,61.0,61.333333333333336,58.333333333333336,0.7743173323222048,0.8742108627446941,Low-Vol,Low-Vol,31.1864406779661,31.060606060606062,12.07801447525725,14.267638247639347,7.6923076923076925,0.0,63.0,0.0,-20.72,Low (0-5),Low (0-5),High (10-15%)
543807,George Springer,70,68,54.68,70.95,5.71,2.94,0.0,0.0,0.0,0.0,0.0,0.0,2,2,10.0,10.294117647058822,84.0,130.0,81.0,128.66666666666666,1.386667328859629,1.7986567180292352,High-IV,Gamma,42.58571428571429,70.3529411764706,21.629617950181355,29.355141280167228,30.76923076923077,66.66666666666666,69.75,87.0,16.270000000000003,No Tears,No Tears,Medium (5-10%)
683083,Nasim Nuñez,17,15,18.53,33.65,11.76,6.67,0.0,6.67,0.0,0.0,0.0,0.0,2,3,11.76470588235294,13.333333333333334,31.0,60.0,30.333333333333332,56.0,0.6181533458248174,1.2377840236158468,Low-Vol,Normal,16.705882352941178,29.666666666666668,9.64212571144424,20.201367233314635,0.0,0.0,0.0,0.0,15.119999999999997,No Tears,Moderate (5-15),High (10-15%)
642133,Rowdy Tellez,60,50,23.19,19.6,6.67,4.0,3.33,2.0,0.0,0.0,0.0,0.0,3,3,10.0,12.0,60.0,44.0,56.666666666666664,40.666666666666664,0.9869408776567287,0.6177354735175689,Low-Vol,Low-Vol,27.583333333333332,22.7,15.394574948763845,10.081808227835776,0.0,0.0,0.0,0.0,-3.59,Low (0-5),Low (0-5),Medium (5-10%)
650333,Luis Arraez,71,83,44.9,20.63,5.63,3.61,1.41,0.0,0.0,0.0,0.0,0.0,3,2,12.676056338028168,12.048192771084338,74.0,75.0,67.66666666666667,71.0,0.9376758362516607,0.808887163423675,Low-Vol,Low-Vol,39.929577464788736,40.8433734939759,14.626125298502162,13.201516845322647,7.6923076923076925,0.0,63.0,0.0,-24.27,Low (0-5),No Tears,High (10-15%)
646240,Rafael Devers,79,84,66.25,57.99,6.33,4.76,2.53,1.19,1.27,0.0,1.27,0.0,5,3,10.126582278481013,14.285714285714285,128.0,136.0,118.66666666666667,121.66666666666667,1.7180255908294169,1.5285302550247077,Gamma,High-IV,60.21518987341772,49.357142857142854,26.79823515336935,24.946517663706313,46.15384615384615,7.142857142857142,82.66666666666667,125.0,-8.259999999999998,Low (0-5),Low (0-5),High (10-15%)
701538,Jackson Merrill,45,69,51.41,56.6,6.67,5.8,2.22,4.35,2.22,0.0,0.0,0.0,4,3,11.11111111111111,10.144927536231885,78.0,94.0,76.66666666666667,88.33333333333333,1.2398083133632072,1.3846249069089325,Normal,High-IV,40.08888888888889,41.47826086956522,19.338870680365986,22.597897283526816,10.0,25.0,74.0,70.33333333333333,5.190000000000005,Low (0-5),Low (0-5),High (10-15%)
570482,Gio Urshela,34,22,18.28,20.72,11.76,9.09,0.0,0.0,0.0,0.0,0.0,0.0,2,2,11.76470588235294,13.636363636363635,35.0,35.0,33.666666666666664,31.0,0.6784323129101334,0.6590170673443584,Low-Vol,Low-Vol,17.205882352941178,13.590909090909092,10.582373600286601,10.755548251103622,0.0,0.0,0.0,0.0,2.4399999999999977,No Tears,No Tears,High (10-15%)
687221,Dalton Rushing,16,35,24.8,22.95,6.25,8.57,0.0,2.86,0.0,0.0,0.0,0.0,2,3,18.75,14.285714285714285,28.0,36.0,28.0,33.333333333333336,0.56740967745499,0.6165622682392431,Low-Vol,Low-Vol,16.25,10.914285714285715,8.850612031567836,10.062660823914461,0.0,0.0,0.0,0.0,-1.8500000000000014,No Tears,Low (0-5),Elite (15%+)
681082,Bryson Stott,70,75,50.62,47.73,4.29,5.33,2.86,2.67,1.43,1.33,0.0,0.0,4,4,10.0,10.666666666666668,89.0,81.0,81.66666666666667,77.33333333333333,1.1737673146794694,1.0211906954508037,Normal,Normal,38.5,39.346666666666664,18.308745039667144,16.6664360344403,7.6923076923076925,14.285714285714285,79.0,66.5,-2.8900000000000006,Low (0-5),Low (0-5),Medium (5-10%)
664702,Myles Straw,45,58,23.27,20.41,4.44,3.45,0.0,0.0,0.0,0.0,0.0,0.0,2,2,13.333333333333334,10.344827586206897,55.0,68.0,46.666666666666664,60.666666666666664,0.909671409139152,0.8992184008598877,Low-Vol,Low-Vol,20.6,21.913793103448278,14.189304550835594,14.675776057974284,0.0,0.0,0.0,0.0,-2.8599999999999994,No Tears,No Tears,High (10-15%)
668804,Bryan Reynolds,73,81,48.72,50.44,4.11,7.41,2.74,0.0,1.37,0.0,0.0,0.0,4,2,10.95890410958904,12.345679012345679,73.0,95.0,73.0,83.66666666666667,1.0660918161086168,1.1781908969797876,Normal,Normal,39.465753424657535,41.67901234567901,16.629193031617636,19.228772166010646,15.384615384615385,14.285714285714285,66.0,71.5,1.7199999999999989,Low (0-5),No Tears,High (10-15%)
543877,Christian Vázquez,38,24,21.46,23.72,10.53,8.33,5.26,4.17,0.0,0.0,0.0,0.0,3,3,10.526315789473683,12.5,37.0,39.0,35.666666666666664,35.333333333333336,0.6718397154829824,0.7138468508872601,Low-Vol,Low-Vol,13.263157894736842,13.583333333333334,10.479540454454938,11.65040274230771,0.0,0.0,0.0,0.0,2.259999999999998,Moderate (5-15),Low (0-5),High (10-15%)
683146,Brett Baty,53,73,26.08,41.65,5.66,6.85,1.89,1.37,0.0,0.0,0.0,0.0,3,3,11.320754716981133,10.95890410958904,68.0,77.0,67.0,68.66666666666667,1.2320425834215216,0.9198798246501101,Normal,Low-Vol,28.79245283018868,36.26027397260274,19.217738691281713,15.012982712435809,0.0,7.142857142857142,0.0,59.0,15.57,Low (0-5),Low (0-5),High (10-15%)
664728,Kyle Isbel,61,65,20.55,43.25,1.64,6.15,1.64,1.54,0.0,0.0,0.0,0.0,3,3,13.114754098360656,12.307692307692308,47.0,62.0,44.333333333333336,58.0,0.6016165602336913,0.8047602677725525,Low-Vol,Low-Vol,22.34426229508197,24.8,9.384180386696253,13.134163467842177,0.0,7.6923076923076925,0.0,62.0,22.7,Low (0-5),Low (0-5),High (10-15%)
642201,Eli White,50,39,48.56,25.09,4.0,5.13,2.0,0.0,2.0,0.0,2.0,0.0,6,2,10.0,10.256410256410255,78.0,69.0,78.0,68.0,1.5931638036472506,1.2931125320647925,High-IV,Normal,30.28,22.641025641025642,24.850606694027103,21.104361209908078,8.333333333333332,0.0,61.0,0.0,-23.470000000000002,Low (0-5),No Tears,Medium (5-10%)
656537,Derek Hill,22,27,20.22,14.63,13.64,0.0,0.0,0.0,0.0,0.0,0.0,0.0,2,0,13.636363636363635,11.11111111111111,41.0,25.0,40.666666666666664,24.333333333333332,0.5890339385644556,0.4376816549789704,Low-Vol,Low-Vol,26.681818181818183,11.88888888888889,9.187913197116574,7.143223433831608,0.0,0.0,0.0,0.0,-5.589999999999998,No Tears,No Tears,High (10-15%)
687263,Zach Neto,59,69,57.45,60.76,3.39,2.9,0.0,2.9,0.0,0.0,0.0,0.0,2,3,10.16949152542373,10.144927536231885,103.0,98.0,97.66666666666667,95.33333333333333,1.2447437969972175,1.2780739128774579,Normal,Normal,55.08474576271186,50.608695652173914,19.41585570999873,20.858922051630813,40.0,33.33333333333333,73.75,84.0,3.309999999999995,No Tears,Low (0-5),High (10-15%)
650402,Gleyber Torres,66,79,48.89,43.35,4.55,2.53,0.0,0.0,0.0,0.0,0.0,0.0,2,2,12.121212121212121,11.39240506329114,82.0,82.0,80.0,71.0,1.0563811818458728,0.8369838119098421,Normal,Low-Vol,45.5,39.379746835443036,16.477723890616222,13.660070763668076,16.666666666666664,14.285714285714285,68.5,62.5,-5.539999999999999,No Tears,No Tears,High (10-15%)
642215,Weston Wilson,19,27,13.21,22.11,0.0,7.41,0.0,0.0,0.0,0.0,0.0,0.0,0,2,10.526315789473683,14.814814814814813,21.0,37.0,17.0,35.0,0.34818729380024377,0.7095569584176806,Low-Vol,Low-Vol,6.947368421052632,18.48148148148148,5.431121065064911,11.580389160361284,0.0,0.0,0.0,0.0,8.899999999999999,No Tears,No Tears,High (10-15%)
656555,Rhys Hoskins,74,16,51.95,26.06,4.05,0.0,1.35,0.0,0.0,0.0,0.0,0.0,3,0,10.81081081081081,18.75,83.0,26.0,79.0,25.333333333333332,1.295611768550164,0.5953194973608829,Normal,Low-Vol,38.54054054054054,8.5,20.20930830507484,9.715966241192895,23.076923076923077,0.0,65.33333333333333,0.0,-25.890000000000004,Low (0-5),No Tears,High (10-15%)
664761,Alec Bohm,75,45,45.48,27.33,5.33,4.44,0.0,2.22,0.0,0.0,0.0,0.0,2,3,10.666666666666668,11.11111111111111,79.0,94.0,76.33333333333333,88.33333333333333,1.144752374544776,1.3363282910084726,Normal,Normal,40.906666666666666,37.44444444444444,17.85616203226557,21.809667951658874,15.384615384615385,0.0,60.5,0.0,-18.15,No Tears,Low (0-5),High (10-15%)
660670,Ronald Acuña Jr.,27,68,70.65,57.8,3.7,4.41,3.7,0.0,0.0,0.0,0.0,0.0,3,2,11.11111111111111,10.294117647058822,105.0,104.0,100.0,101.33333333333333,1.4454727181863671,1.5045511484199912,High-IV,High-IV,64.14814814814815,45.61764705882353,22.546880568314172,24.555164463788927,80.0,23.076923076923077,69.75,82.66666666666667,-12.850000000000009,Low (0-5),No Tears,High (10-15%)
664770,Nathan Lukes,50,79,21.32,49.68,2.0,3.8,0.0,1.27,0.0,0.0,0.0,0.0,2,3,12.0,11.39240506329114,54.0,87.0,48.333333333333336,77.66666666666667,0.8529224923252713,1.2278855048348751,Low-Vol,Normal,23.98,35.36708860759494,13.304119355926371,20.039817553285538,0.0,14.285714285714285,0.0,67.0,28.36,No Tears,Low (0-5),High (10-15%)
664774,LaMonte Wade Jr.,57,17,24.53,25.45,5.26,0.0,0.0,0.0,0.0,0.0,0.0,0.0,2,0,15.789473684210526,23.52941176470588,48.0,26.0,47.333333333333336,25.333333333333332,0.8017080266492793,0.5525258280366877,Low-Vol,Low-Vol,19.894736842105264,15.235294117647058,12.505262050327792,9.017548251636264,0.0,0.0,0.0,0.0,0.9199999999999982,No Tears,No Tears,Elite (15%+)
691406,Junior Caminero,73,81,62.02,61.77,6.85,6.17,1.37,3.7,0.0,0.0,0.0,0.0,3,3,10.95890410958904,11.11111111111111,128.0,102.0,126.33333333333333,100.66666666666667,2.0043877200546993,1.3372849529748276,Nuclear,Normal,52.56164383561644,51.79012345679013,31.264990316366582,21.82528124067518,30.76923076923077,35.714285714285715,92.75,77.4,-0.25,Low (0-5),Low (0-5),High (10-15%)
695506,Jac Caglianone,17,45,22.21,22.62,0.0,4.44,0.0,0.0,0.0,0.0,0.0,0.0,0,2,11.76470588235294,11.11111111111111,42.0,62.0,41.0,59.333333333333336,0.8860812649177604,1.0218136547520416,Low-Vol,Normal,22.823529411764707,23.4,13.82133900042633,16.67660309862566,0.0,0.0,0.0,0.0,0.41000000000000014,No Tears,No Tears,High (10-15%)
668901,Mark Vientos,53,68,49.8,57.96,5.66,5.88,0.0,1.47,0.0,1.47,0.0,0.0,2,4,11.320754716981133,11.76470588235294,75.0,116.0,75.0,108.66666666666667,1.1970444281870265,1.874384329756372,Normal,Gamma,33.54716981132076,36.911764705882355,18.671827851004103,30.591060685341695,10.0,14.285714285714285,75.0,82.5,8.160000000000004,No Tears,Low (0-5),High (10-15%)
668904,Royce Lewis,30,75,26.62,52.76,3.33,6.67,0.0,2.67,0.0,1.33,0.0,0.0,2,4,13.333333333333334,10.666666666666668,56.0,95.0,51.0,90.33333333333333,1.1472834581610711,1.3371971614750742,Normal,Normal,22.233333333333334,43.49333333333333,17.89564256986895,21.823848431483395,0.0,15.384615384615385,0.0,71.5,26.139999999999997,No Tears,Low (0-5),High (10-15%)
650489,Willi Castro,55,64,56.79,23.19,7.27,4.69,1.82,0.0,0.0,0.0,0.0,0.0,3,2,12.727272727272727,12.5,105.0,60.0,102.66666666666667,56.666666666666664,1.3971156942335652,0.9865354350687286,High-IV,Low-Vol,40.43636363636364,25.96875,21.79259442372963,16.10084169149561,9.090909090909092,0.0,98.0,0.0,-33.599999999999994,Low (0-5),No Tears,High (10-15%)
650490,Yandy Díaz,72,78,55.9,51.16,4.17,2.56,0.0,0.0,0.0,0.0,0.0,0.0,2,2,11.11111111111111,11.538461538461538,90.0,95.0,84.0,92.0,1.3257675807287845,1.0434597460257078,Normal,Normal,46.611111111111114,47.782051282051285,20.679686948045674,17.02988010870354,38.46153846153847,28.57142857142857,64.6,66.75,-4.740000000000002,No Tears,No Tears,High (10-15%)
668930,Brice Turang,74,81,50.93,59.17,6.76,7.41,0.0,1.23,0.0,0.0,0.0,0.0,2,3,12.162162162162163,12.345679012345679,86.0,94.0,82.66666666666667,93.0,1.167968045032631,1.328382115214214,Normal,Normal,46.891891891891895,52.58024691358025,18.218286438501174,21.67998166369777,23.076923076923077,35.714285714285715,65.33333333333333,71.2,8.240000000000002,No Tears,Low (0-5),High (10-15%)
687363,Victor Scott II,72,60,48.26,20.65,6.94,8.33,1.39,1.67,1.39,0.0,0.0,0.0,4,3,11.11111111111111,10.0,79.0,55.0,74.0,54.333333333333336,1.0661797956686712,0.8531607510612779,Normal,Low-Vol,38.708333333333336,24.466666666666665,16.6305653609657,13.924087976908956,7.6923076923076925,0.0,75.0,0.0,-27.61,Low (0-5),Low (0-5),High (10-15%)
689414,Liam Hicks,48,71,17.86,40.82,4.17,2.82,0.0,1.41,0.0,1.41,0.0,0.0,2,4,10.416666666666668,11.267605633802818,50.0,59.0,44.333333333333336,54.0,0.7018384438676217,0.7925476787738696,Low-Vol,Low-Vol,21.9375,25.47887323943662,10.947468861252135,12.934846793426528,0.0,7.142857142857142,0.0,59.0,22.96,No Tears,Low (0-5),High (10-15%)
668939,Adley Rutschman,68,22,47.64,28.78,4.41,13.64,2.94,4.55,0.0,0.0,0.0,0.0,3,3,11.76470588235294,13.636363636363635,71.0,52.0,69.66666666666667,49.333333333333336,0.9358963935468908,0.9829063302041151,Low-Vol,Low-Vol,35.14705882352941,27.0,14.598369062332623,16.041612554021285,7.6923076923076925,0.0,71.0,0.0,-18.86,Low (0-5),Low (0-5),High (10-15%)
668942,Josh Rojas,40,25,19.87,20.36,2.5,12.0,2.5,4.0,0.0,0.0,0.0,0.0,3,3,12.5,12.0,36.0,33.0,34.666666666666664,31.0,0.5926621052696879,0.5400078596010601,Low-Vol,Low-Vol,18.775,15.56,9.244506338139287,8.813247604222482,0.0,0.0,0.0,0.0,0.48999999999999844,Low (0-5),Low (0-5),High (10-15%)
695578,James Wood,78,79,69.1,56.15,5.13,6.33,2.56,1.27,0.0,1.27,0.0,1.27,3,5,11.538461538461538,10.126582278481013,107.0,109.0,104.0,101.33333333333333,1.566088448154376,1.436207654131565,High-IV,High-IV,60.42307692307692,44.25316455696203,24.428277860724428,23.439758221837845,61.53846153846154,28.57142857142857,72.125,71.5,-12.949999999999996,Low (0-5),Low (0-5),High (10-15%)
687401,Joey Ortiz,75,71,43.67,48.94,5.33,4.23,1.33,2.82,0.0,1.41,0.0,1.41,3,5,12.0,12.676056338028168,63.0,74.0,60.333333333333336,68.66666666666667,0.9644922267635996,1.1932930784646851,Low-Vol,Normal,26.506666666666668,33.16901408450704,15.044414724887588,19.475248698571924,7.6923076923076925,7.6923076923076925,60.0,64.0,5.269999999999996,Low (0-5),Low (0-5),High (10-15%)
701762,Nick Kurtz,40,77,58.7,65.29,10.0,3.9,2.5,0.0,0.0,0.0,0.0,0.0,3,2,12.5,10.38961038961039,100.0,155.0,92.66666666666667,143.66666666666666,1.7089824526051764,1.7485847701005228,Gamma,Gamma,36.1,62.18181818181818,26.65717779895554,28.537937479749413,25.0,50.0,67.5,80.71428571428571,6.590000000000003,Low (0-5),No Tears,High (10-15%)
656716,Zach McKinstry,70,72,20.29,52.3,5.71,2.78,0.0,1.39,0.0,1.39,0.0,1.39,2,5,11.428571428571429,12.5,64.0,88.0,62.333333333333336,82.33333333333333,0.8300441853026768,1.3714872981042232,Low-Vol,High-IV,38.857142857142854,34.27777777777778,12.947257237704674,22.383483738863124,0.0,14.285714285714285,0.0,66.5,32.01,No Tears,Low (0-5),High (10-15%)
671056,Iván Herrera,42,65,55.8,55.31,9.52,4.62,0.0,3.08,0.0,1.54,0.0,0.0,2,4,11.904761904761903,10.76923076923077,82.0,96.0,80.0,91.33333333333333,1.2583993586686235,1.3119908892434977,Normal,Normal,45.30952380952381,47.6,19.6288589124976,21.412467162846976,33.33333333333333,25.0,67.66666666666667,69.66666666666667,-0.4899999999999949,No Tears,Low (0-5),High (10-15%)
681297,Colton Cowser,20,71,35.3,46.72,5.0,7.04,5.0,1.41,0.0,0.0,0.0,0.0,3,3,15.0,14.084507042253522,76.0,85.0,71.33333333333333,76.33333333333333,1.4150481244482307,1.046175443118582,High-IV,Normal,33.35,38.014084507042256,22.072309396736514,17.074201891196203,0.0,7.142857142857142,0.0,61.0,11.420000000000002,Low (0-5),Low (0-5),High (10-15%)
660821,Jesús Sánchez,56,78,48.68,20.79,1.79,6.41,0.0,0.0,0.0,0.0,0.0,0.0,2,2,10.714285714285714,11.538461538461538,74.0,58.0,71.33333333333333,55.0,1.0512353526257785,0.8676398882371802,Normal,Low-Vol,40.82142857142857,29.94871794871795,16.397457832744177,14.160396057908002,20.0,0.0,69.0,0.0,-27.89,No Tears,No Tears,High (10-15%)
669016,Brandon Marsh,55,71,20.72,50.17,7.27,8.45,0.0,1.41,0.0,1.41,0.0,0.0,2,4,10.909090909090908,12.676056338028168,50.0,73.0,49.0,71.66666666666667,0.911290879180373,1.152213839982081,Low-Vol,Normal,27.272727272727273,36.563380281690144,14.214565489450324,18.804811234184722,0.0,14.285714285714285,0.0,66.5,29.450000000000003,No Tears,Low (0-5),High (10-15%)
630105,Jake Cronenworth,53,82,20.91,49.24,7.55,6.1,0.0,3.66,0.0,0.0,0.0,0.0,2,3,11.320754716981133,13.414634146341465,66.0,73.0,62.666666666666664,73.0,0.8802276265812362,0.8484116933445495,Low-Vol,Low-Vol,36.20754716981132,38.02439024390244,13.730032341502104,13.846580546600086,0.0,7.142857142857142,0.0,73.0,28.330000000000002,No Tears,Low (0-5),High (10-15%)
666969,Adolis García,73,62,43.55,56.51,5.48,8.06,0.0,0.0,0.0,0.0,0.0,0.0,2,2,12.32876712328767,11.29032258064516,72.0,96.0,66.66666666666667,89.33333333333333,1.0309913284951169,1.509362502592268,Normal,High-IV,37.178082191780824,37.03225806451613,16.081685982778865,24.63368860909157,7.6923076923076925,14.285714285714285,60.0,86.0,12.96,No Tears,No Tears,High (10-15%)
666971,Lourdes Gurriel Jr.,71,58,44.59,60.62,1.41,5.17,0.0,0.0,0.0,0.0,0.0,0.0,2,2,11.267605633802818,13.793103448275861,69.0,93.0,69.0,90.33333333333333,1.0629998754659338,1.4852546186821227,Normal,High-IV,40.985915492957744,44.91379310344828,16.580964092034215,24.240233687396678,7.6923076923076925,36.36363636363637,66.0,67.5,16.029999999999994,No Tears,No Tears,High (10-15%)
687462,Spencer Horwitz,30,78,22.39,53.14,3.33,6.41,0.0,1.28,0.0,0.0,0.0,0.0,2,3,13.333333333333334,10.256410256410255,48.0,88.0,46.666666666666664,86.0,0.8038178466426791,1.2820105485129853,Low-Vol,Normal,27.966666666666665,39.67948717948718,12.538171602208863,20.92317027314585,0.0,21.428571428571427,0.0,73.33333333333333,30.75,No Tears,Low (0-5),High (10-15%)
656775,Cedric Mullins,60,70,53.86,48.31,3.33,5.71,0.0,4.29,0.0,0.0,0.0,0.0,2,3,11.666666666666666,10.0,77.0,75.0,76.66666666666667,72.33333333333333,1.243320963481781,1.0965626639997743,Normal,Normal,43.766666666666666,31.34285714285714,19.393661961934505,17.896551132636258,33.33333333333333,14.285714285714285,63.5,63.5,-5.549999999999997,No Tears,Low (0-5),High (10-15%)
681351,Logan O'Hoppe,64,55,52.55,21.23,6.25,7.27,3.12,3.64,1.56,1.82,0.0,0.0,4,4,10.9375,10.909090909090908,110.0,49.0,105.33333333333333,47.0,1.8715955122535655,0.6714170813395356,Gamma,Low-Vol,36.375,17.12727272727273,29.193660977510877,10.957923812296483,15.384615384615385,0.0,62.0,0.0,-31.319999999999997,Low (0-5),Low (0-5),High (10-15%)
669065,Kyle Stowers,71,45,51.11,67.73,4.23,6.67,1.41,4.44,0.0,0.0,0.0,0.0,3,3,11.267605633802818,11.11111111111111,92.0,111.0,89.33333333333333,107.33333333333333,1.3826842001330406,1.4043876971011167,High-IV,High-IV,40.605633802816904,57.28888888888889,21.567488014031962,22.92043770625824,7.6923076923076925,50.0,73.0,77.5,16.620000000000005,Low (0-5),Low (0-5),High (10-15%)
691594,Javier Sanoja,54,56,21.2,21.4,1.85,7.14,0.0,0.0,0.0,0.0,0.0,0.0,2,2,14.814814814814813,10.714285714285714,44.0,55.0,41.666666666666664,53.666666666666664,0.6305215041075412,0.9747505027759192,Low-Vol,Low-Vol,19.37037037037037,25.285714285714285,9.835047642202275,15.908504627416102,0.0,0.0,0.0,0.0,0.1999999999999993,No Tears,No Tears,High (10-15%)
656811,Ryan O'Hearn,65,79,53.95,46.16,4.62,1.27,1.54,1.27,0.0,1.27,0.0,0.0,3,4,10.76923076923077,11.39240506329114,105.0,68.0,96.0,66.66666666666667,1.3807746122727396,0.9730619866421298,High-IV,Low-Vol,38.69230769230769,35.0253164556962,21.537701737972093,15.880947045602747,7.6923076923076925,14.285714285714285,92.0,64.0,-7.790000000000006,Low (0-5),Low (0-5),High (10-15%)
681393,Connor Norby,54,33,21.33,23.66,5.56,6.06,0.0,0.0,0.0,0.0,0.0,0.0,2,2,11.11111111111111,15.151515151515152,60.0,52.0,58.333333333333336,48.333333333333336,0.9469287121987957,0.7601633621756125,Low-Vol,Low-Vol,35.148148148148145,33.333333333333336,14.770454199538245,12.406315595964285,0.0,0.0,0.0,0.0,2.330000000000002,No Tears,No Tears,High (10-15%)
695734,Daylen Lile,17,74,26.25,55.7,5.88,6.76,0.0,2.7,0.0,0.0,0.0,0.0,2,3,17.647058823529413,10.81081081081081,37.0,100.0,35.666666666666664,97.33333333333333,0.7375888778716754,1.3945318765146442,Low-Vol,High-IV,18.352941176470587,46.12162162162162,11.505113952448431,22.759584886013094,0.0,21.428571428571427,0.0,72.66666666666667,29.450000000000003,No Tears,Low (0-5),Elite (15%+)
665019,Kody Clemens,45,67,45.42,46.25,2.22,4.48,0.0,0.0,0.0,0.0,0.0,0.0,2,2,11.11111111111111,10.44776119402985,66.0,84.0,65.33333333333333,81.0,1.2731241422236974,1.0872363377587753,Normal,Normal,25.955555555555556,33.04477611940298,19.85854013168179,17.744339973227568,8.333333333333332,7.142857142857142,59.0,73.0,0.8299999999999983,No Tears,No Tears,High (10-15%)
669127,Shea Langeliers,56,67,41.56,62.0,0.0,2.99,0.0,0.0,0.0,0.0,0.0,0.0,0,2,10.714285714285714,11.940298507462686,71.0,120.0,66.66666666666667,108.33333333333333,0.8817427332156602,1.5612171700724857,Low-Vol,High-IV,39.767857142857146,53.73134328358209,13.753665391026193,25.479987446807385,10.0,38.46153846153847,61.0,76.0,20.439999999999998,No Tears,No Tears,High (10-15%)
673237,Yainer Diaz,68,75,23.98,54.15,4.41,6.67,1.47,1.33,0.0,0.0,0.0,0.0,3,3,11.76470588235294,14.666666666666666,65.0,86.0,61.666666666666664,73.33333333333333,1.0477963138544695,1.0704335364334463,Normal,Normal,34.88235294117647,35.77333333333333,16.343814761193304,17.470108319202968,0.0,7.142857142857142,0.0,86.0,30.169999999999998,Low (0-5),Low (0-5),High (10-15%)
521692,Salvador Perez,74,81,43.18,57.1,4.05,4.94,0.0,1.23,0.0,0.0,0.0,0.0,2,3,10.81081081081081,12.345679012345679,69.0,106.0,64.33333333333333,105.33333333333333,0.9171140730352971,1.4508913303635846,Low-Vol,High-IV,36.28378378378378,46.382716049382715,14.305397266986638,23.679404501187612,15.384615384615385,28.57142857142857,60.0,67.0,13.920000000000002,No Tears,Low (0-5),High (10-15%)
687597,Jordan Beck,65,81,57.75,45.09,3.08,6.17,1.54,1.23,0.0,0.0,0.0,0.0,3,3,12.307692307692308,12.345679012345679,108.0,84.0,105.66666666666667,82.0,1.5409210975482162,1.0162245211263334,High-IV,Normal,48.815384615384616,38.44444444444444,24.035710611824744,16.585385132700416,25.0,7.142857142857142,70.0,63.0,-12.659999999999997,Low (0-5),Low (0-5),High (10-15%)
671218,Heliot Ramos,76,81,51.95,46.09,3.95,8.64,0.0,2.47,0.0,0.0,0.0,0.0,2,3,10.526315789473683,11.11111111111111,81.0,72.0,79.66666666666667,71.0,1.0742491710485944,0.9650628754348678,Normal,Low-Vol,49.5921052631579,36.0,16.756433695015136,15.75039682039789,30.76923076923077,14.285714285714285,69.75,62.0,-5.859999999999999,No Tears,Low (0-5),High (10-15%)
681460,Brooks Baldwin,47,55,25.19,24.31,10.64,9.09,6.38,3.64,2.13,0.0,0.0,0.0,4,3,10.638297872340425,10.909090909090908,54.0,60.0,51.0,58.0,0.871165458348902,0.9808593708515436,Low-Vol,Low-Vol,24.0,29.818181818181817,13.588678151793996,16.008204966910757,0.0,0.0,0.0,0.0,-0.8800000000000026,Moderate (5-15),Low (0-5),High (10-15%)
656896,Emmanuel Rivera,24,15,19.52,25.26,8.33,13.33,0.0,0.0,0.0,0.0,0.0,0.0,2,2,12.5,13.333333333333334,38.0,47.0,36.0,43.0,0.6405155761092157,0.9727225817033222,Low-Vol,Low-Vol,16.583333333333332,23.2,9.990937922923461,15.87540775629311,0.0,0.0,0.0,0.0,5.740000000000002,No Tears,No Tears,High (10-15%)
691718,Pete Crow-Armstrong,76,80,70.09,49.23,7.89,3.75,2.63,0.0,0.0,0.0,0.0,0.0,3,2,11.842105263157894,10.0,103.0,92.0,99.0,86.0,1.4342844649185333,1.1524560627579195,High-IV,Normal,62.723684210526315,38.95,22.372363120129876,18.80876445312569,71.42857142857143,7.142857142857142,71.4,83.0,-20.860000000000007,Low (0-5),No Tears,High (10-15%)
681481,Kerry Carpenter,73,57,50.53,54.35,5.48,5.26,0.0,0.0,0.0,0.0,0.0,0.0,2,2,10.95890410958904,10.526315789473683,83.0,78.0,80.33333333333333,74.66666666666667,1.4014342364563483,1.2160151882737793,High-IV,Normal,38.31506849315068,40.24561403508772,21.859956231739734,19.84608696745531,15.384615384615385,36.36363636363637,67.5,66.5,3.8200000000000003,No Tears,No Tears,High (10-15%)
691723,Coby Mayo,17,67,23.08,25.94,11.76,4.48,0.0,2.99,0.0,2.99,0.0,0.0,2,4,17.647058823529413,11.940298507462686,27.0,69.0,25.0,66.33333333333333,0.5522040198045463,1.101291945366838,Low-Vol,Normal,13.764705882352942,32.223880597014926,8.613430006135085,17.973735801223782,0.0,0.0,0.0,0.0,2.860000000000003,No Tears,Low (0-5),Elite (15%+)
593428,Xander Bogaerts,76,60,45.73,51.78,5.26,10.0,2.63,0.0,0.0,0.0,0.0,0.0,3,2,10.526315789473683,10.0,70.0,90.0,69.66666666666667,88.0,0.9746454275808164,1.3170881309783007,Low-Vol,Normal,39.5921052631579,39.93333333333333,15.202787140590546,21.495657162230657,15.384615384615385,9.090909090909092,61.0,87.0,6.050000000000004,Low (0-5),No Tears,High (10-15%)
669221,Sean Murphy,46,47,49.97,46.61,4.35,6.38,0.0,2.13,0.0,0.0,0.0,0.0,2,3,10.869565217391305,10.638297872340425,80.0,79.0,68.0,73.33333333333333,1.124180639058575,1.16979671004196,Normal,Normal,30.73913043478261,27.06382978723404,17.53527845054547,19.091774071253546,9.090909090909092,9.090909090909092,80.0,62.0,-3.3599999999999994,No Tears,Low (0-5),High (10-15%)
669224,Austin Wells,63,56,47.93,24.99,4.76,5.36,1.59,3.57,0.0,1.79,0.0,0.0,3,4,11.11111111111111,10.714285714285714,78.0,70.0,71.33333333333333,67.66666666666667,0.9179220216702249,1.0564483848797184,Low-Vol,Normal,35.20634920634921,28.25,14.317999871759357,17.24186237567793,7.6923076923076925,0.0,78.0,0.0,-22.94,Low (0-5),Low (0-5),High (10-15%)
671277,Luis García Jr.,69,69,46.22,46.25,5.8,5.8,1.45,0.0,1.45,0.0,0.0,0.0,4,2,10.144927536231885,11.594202898550725,77.0,71.0,71.66666666666667,68.66666666666667,1.042095782354847,1.0464526145312567,Normal,Normal,38.44927536231884,31.608695652173914,16.254896304773613,17.07872549255734,7.6923076923076925,7.142857142857142,72.0,71.0,0.030000000000001137,Low (0-5),No Tears,High (10-15%)
656941,Kyle Schwarber,78,84,54.5,67.86,7.69,5.95,0.0,1.19,0.0,0.0,0.0,0.0,2,3,10.256410256410255,10.714285714285714,98.0,106.0,92.33333333333333,103.0,1.0989841721783167,1.4258906801681932,Normal,High-IV,61.32051282051282,62.095238095238095,17.142257038003375,23.271379105777044,38.46153846153847,64.28571428571429,70.8,74.11111111111111,13.36,No Tears,Low (0-5),High (10-15%)
671289,Tyler Freeman,35,72,24.31,47.83,2.86,5.56,0.0,1.39,0.0,1.39,0.0,0.0,2,4,11.428571428571429,12.5,62.0,74.0,60.0,72.0,1.1705908846568684,0.914408709251519,Normal,Low-Vol,34.68571428571428,37.625,18.25919821152427,14.92369087376761,0.0,7.6923076923076925,0.0,74.0,23.52,No Tears,Low (0-5),High (10-15%)
669242,Tommy Edman,59,37,42.59,19.36,6.78,2.7,0.0,0.0,0.0,0.0,0.0,0.0,2,2,10.16949152542373,13.513513513513514,71.0,38.0,68.33333333333333,36.333333333333336,1.076831808939528,0.6100952493977548,Normal,Low-Vol,37.644067796610166,20.54054054054054,16.79671839035767,9.957115252127203,7.6923076923076925,0.0,62.0,0.0,-23.230000000000004,No Tears,No Tears,High (10-15%)
691777,Max Muncy,37,23,26.16,31.66,5.41,4.35,2.7,4.35,0.0,0.0,0.0,0.0,3,3,10.81081081081081,13.043478260869565,71.0,65.0,70.66666666666667,60.0,1.1775258796123838,1.316947240024867,Normal,Normal,29.972972972972972,27.652173913043477,18.367372168069124,21.493357738554263,0.0,0.0,0.0,0.0,5.5,Low (0-5),Low (0-5),High (10-15%)
665161,Jeremy Peña,78,47,59.65,49.54,3.85,4.26,0.0,2.13,0.0,0.0,0.0,0.0,2,3,11.538461538461538,10.638297872340425,106.0,82.0,104.33333333333333,76.66666666666667,1.20913190754947,1.1446486965626,Normal,Normal,55.64102564102564,42.91489361702128,18.860371674853596,18.681343619904816,53.84615384615385,22.22222222222222,64.28571428571429,61.0,-10.11,No Tears,Low (0-5),High (10-15%)
669257,Will Smith,62,48,51.1,45.83,4.84,4.17,0.0,2.08,0.0,2.08,0.0,0.0,2,4,16.129032258064516,10.416666666666668,75.0,73.0,67.33333333333333,70.0,0.9673972517967981,1.1107488526002327,Low-Vol,Normal,39.854838709677416,33.395833333333336,15.089728103443548,18.128078119647896,7.142857142857142,8.333333333333332,75.0,64.0,-5.270000000000003,No Tears,Low (0-5),Elite (15%+)
691785,Marcelo Mayer,23,19,22.49,15.4,0.0,5.26,0.0,0.0,0.0,0.0,0.0,0.0,0,2,13.043478260869565,10.526315789473683,58.0,33.0,47.666666666666664,29.333333333333332,0.788946564238823,0.4972930330917415,Low-Vol,Low-Vol,26.52173913043478,18.736842105263158,12.306205253734214,8.116116376028609,0.0,0.0,0.0,0.0,-7.089999999999998,No Tears,No Tears,High (10-15%)
669261,Jack Suwinski,15,40,25.23,26.28,6.67,7.5,0.0,5.0,0.0,0.0,0.0,0.0,2,3,26.666666666666668,12.5,31.0,48.0,27.666666666666668,46.666666666666664,0.4944979987062179,0.8902963642965556,Low-Vol,Low-Vol,16.933333333333334,19.45,7.713315635654883,14.53016314518323,0.0,0.0,0.0,0.0,1.0500000000000007,No Tears,Low (0-5),Elite (15%+)
673357,Luis Robert Jr.,68,39,55.45,54.58,5.88,2.56,1.47,0.0,0.0,0.0,0.0,0.0,3,2,11.76470588235294,10.256410256410255,118.0,89.0,104.33333333333333,80.33333333333333,1.4994319810666554,1.3041069525486007,High-IV,Normal,39.5735294117647,46.0,23.38855197477462,21.283796653792763,15.384615384615385,33.33333333333333,73.5,67.33333333333333,-0.8700000000000045,Low (0-5),No Tears,High (10-15%)
656976,Pavin Smith,68,18,42.35,56.94,5.88,5.56,1.47,0.0,0.0,0.0,0.0,0.0,3,2,10.294117647058822,16.666666666666664,71.0,59.0,70.33333333333333,59.0,0.9869720350569283,1.214322243041742,Low-Vol,Normal,31.647058823529413,24.77777777777778,15.395060950451931,19.818457100139387,7.6923076923076925,25.0,60.0,59.0,14.589999999999996,Low (0-5),No Tears,High (10-15%)
542303,Marcell Ozuna,73,72,20.98,50.36,5.48,4.17,0.0,0.0,0.0,0.0,0.0,0.0,2,2,10.95890410958904,11.11111111111111,86.0,96.0,79.33333333333333,87.0,0.941911840165778,1.305365548828113,Low-Vol,Normal,42.43835616438356,31.38888888888889,14.692199651298212,21.304337689349712,0.0,14.285714285714285,0.0,70.0,29.38,No Tears,No Tears,High (10-15%)
669289,Santiago Espinal,64,39,20.9,18.73,9.38,2.56,1.56,2.56,1.56,2.56,0.0,2.56,4,5,10.9375,12.82051282051282,56.0,27.0,52.666666666666664,26.0,0.8009711655137555,0.4902144918208809,Low-Vol,Low-Vol,25.03125,10.205128205128204,12.493768287900414,8.00059039656807,0.0,0.0,0.0,0.0,-2.169999999999998,Low (0-5),Low (0-5),High (10-15%)
679529,Spencer Torkelson,74,81,53.61,50.99,5.41,7.41,0.0,1.23,0.0,0.0,0.0,0.0,2,3,10.81081081081081,11.11111111111111,92.0,93.0,86.0,83.0,1.1434575033139496,1.124943115202863,Normal,Normal,51.04054054054054,43.08641975308642,17.835964275071355,18.359736879149573,38.46153846153847,7.142857142857142,64.2,93.0,-2.6199999999999974,No Tears,Low (0-5),High (10-15%)
650859,Luis Rengifo,70,76,23.78,25.95,10.0,5.26,2.86,2.63,1.43,0.0,0.0,0.0,4,3,11.428571428571429,14.473684210526317,58.0,63.0,57.333333333333336,61.333333333333336,0.9368066355846337,0.8939092250943185,Low-Vol,Low-Vol,23.742857142857144,34.776315789473685,14.612567267705188,14.589127169880568,0.0,0.0,0.0,0.0,2.169999999999998,Low (0-5),Low (0-5),High (10-15%)
802415,Chandler Simpson,34,73,28.99,51.2,11.76,10.96,0.0,4.11,0.0,0.0,0.0,0.0,2,3,20.588235294117645,12.32876712328767,64.0,73.0,61.333333333333336,71.33333333333333,0.7930619164377258,1.1254845513280876,Low-Vol,Normal,40.94117647058823,40.10958904109589,12.370397647930096,18.368573436893378,0.0,14.285714285714285,0.0,65.5,22.210000000000004,No Tears,Low (0-5),Elite (15%+)
642708,Amed Rosario,37,23,18.75,17.64,5.41,8.7,0.0,0.0,0.0,0.0,0.0,0.0,2,2,10.81081081081081,13.043478260869565,50.0,27.0,45.0,25.666666666666668,0.7035108451908122,0.47508186828627597,Low-Vol,Low-Vol,19.56756756756757,10.869565217391305,10.973555436544665,7.753617031753555,0.0,0.0,0.0,0.0,-1.1099999999999994,No Tears,No Tears,High (10-15%)
681624,Andy Pages,74,81,64.05,45.94,6.76,4.94,2.7,1.23,1.35,0.0,0.0,0.0,4,3,12.162162162162163,11.11111111111111,110.0,71.0,110.0,70.66666666666667,1.878043033516183,1.0233188021023722,Gamma,Normal,49.770270270270274,40.34567901234568,29.29423118547184,16.701167993457194,42.857142857142854,7.142857142857142,71.0,70.0,-18.11,Low (0-5),Low (0-5),High (10-15%)
642715,Willy Adames,77,82,47.73,61.43,6.49,6.1,0.0,0.0,0.0,0.0,0.0,0.0,2,2,10.38961038961039,13.414634146341465,91.0,102.0,83.66666666666667,94.66666666666667,1.1827015602204864,1.2711805638374747,Normal,Normal,39.72727272727273,52.86585365853659,18.4481038560923,20.746418518892263,15.384615384615385,35.714285714285715,67.5,80.2,13.700000000000003,No Tears,No Tears,High (10-15%)
642731,Thairo Estrada,16,23,29.91,24.83,6.25,4.35,6.25,0.0,0.0,0.0,0.0,0.0,3,2,12.5,13.043478260869565,66.0,64.0,53.666666666666664,60.333333333333336,1.031871722018219,0.9780607755234378,Normal,Low-Vol,31.5625,29.434782608695652,16.095418602819873,15.962530236196953,0.0,0.0,0.0,0.0,-5.080000000000002,Moderate (5-15),No Tears,High (10-15%)
669357,Nolan Gorman,47,61,44.74,47.34,8.51,6.56,0.0,0.0,0.0,0.0,0.0,0.0,2,2,12.76595744680851,11.475409836065573,65.0,76.0,61.0,69.66666666666667,1.052192222859716,0.9784976595814501,Normal,Low-Vol,24.361702127659573,34.26229508196721,16.412383357531,15.969660442376625,8.333333333333332,8.333333333333332,59.0,76.0,2.6000000000000014,No Tears,No Tears,High (10-15%)
669364,Xavier Edwards,61,77,46.44,52.86,1.64,6.49,0.0,1.3,0.0,0.0,0.0,0.0,2,3,13.114754098360656,10.38961038961039,73.0,94.0,69.33333333333333,92.33333333333333,0.9160711815162368,1.2985074954095377,Low-Vol,Normal,38.40983606557377,43.55844155844156,14.289129958562123,21.19241020202473,18.181818181818183,14.285714285714285,60.0,78.5,6.420000000000002,No Tears,Low (0-5),High (10-15%)
669394,Jake Burger,65,38,47.62,52.4,7.69,0.0,0.0,0.0,0.0,0.0,0.0,0.0,2,0,10.76923076923077,10.526315789473683,77.0,80.0,70.33333333333333,76.0,1.0678331080291934,1.4784161842825416,Normal,High-IV,34.58461538461538,30.157894736842106,16.656354181374283,24.128626394063456,7.6923076923076925,11.11111111111111,77.0,74.0,4.780000000000001,No Tears,No Tears,High (10-15%)
677587,Brayan Rocchio,32,79,21.49,19.27,6.25,6.33,3.12,1.27,0.0,0.0,0.0,0.0,3,3,12.5,10.126582278481013,42.0,57.0,36.0,55.666666666666664,0.6529271601172556,0.7714319822099385,Low-Vol,Low-Vol,17.21875,35.64556962025316,10.184537220075185,12.590226138662285,0.0,0.0,0.0,0.0,-2.219999999999999,Low (0-5),Low (0-5),High (10-15%)
669397,Nick Allen,65,65,20.81,17.62,7.69,3.08,4.62,0.0,0.0,0.0,0.0,0.0,3,2,10.76923076923077,12.307692307692308,42.0,37.0,42.0,36.333333333333336,0.6672295234819446,0.5877108339519824,Low-Vol,Low-Vol,22.8,16.53846153846154,10.407629413079619,9.59178835494997,0.0,0.0,0.0,0.0,-3.1899999999999977,Low (0-5),No Tears,High (10-15%)
683734,Andrew Vaughn,48,64,21.09,53.78,2.08,4.69,0.0,0.0,0.0,0.0,0.0,0.0,2,2,12.5,10.9375,50.0,114.0,49.333333333333336,100.66666666666667,0.77565053220539,1.325859077756219,Low-Vol,Normal,27.791666666666668,42.015625,12.098810093300864,21.63880420037628,0.0,16.666666666666664,0.0,79.0,32.69,No Tears,No Tears,High (10-15%)
650968,Yohel Pozo,24,39,18.2,16.47,4.17,7.69,0.0,2.56,0.0,0.0,0.0,0.0,2,3,12.5,10.256410256410255,36.0,30.0,30.666666666666668,27.666666666666668,0.5462762689235641,0.508133978764483,Low-Vol,Low-Vol,12.458333333333334,11.743589743589743,8.520967319381704,8.293047020238824,0.0,0.0,0.0,0.0,-1.7300000000000004,No Tears,Low (0-5),High (10-15%)
683737,Michael Busch,71,83,56.83,61.2,7.04,7.23,4.23,2.41,0.0,0.0,0.0,0.0,3,3,11.267605633802818,10.843373493975903,109.0,108.0,95.0,106.33333333333333,1.4334835299722248,1.5750619472947807,High-IV,High-IV,42.436619718309856,46.096385542168676,22.35986991679909,25.70594239823259,28.57142857142857,28.57142857142857,62.5,81.0,4.3700000000000045,Low (0-5),Low (0-5),High (10-15%)
677594,Julio Rodríguez,75,85,47.62,65.38,4.0,4.71,1.33,2.35,0.0,0.0,0.0,0.0,3,3,10.666666666666668,10.588235294117647,91.0,103.0,80.33333333333333,97.66666666666667,0.9205795303665997,1.2058575980752504,Low-Vol,Normal,48.42666666666667,60.31764705882353,14.359452422494176,19.68030908868889,23.076923076923077,57.14285714285714,64.33333333333333,77.875,17.759999999999998,Low (0-5),Low (0-5),High (10-15%)
677595,Ronny Mauricio,15,43,35.08,25.34,6.67,6.98,6.67,2.33,0.0,0.0,0.0,0.0,3,3,13.333333333333334,11.627906976744185,61.0,53.0,54.333333333333336,52.0,1.3630904576448246,1.0470153874937758,High-IV,Normal,27.733333333333334,19.837209302325583,21.26185943577529,17.087910280103408,0.0,0.0,0.0,0.0,-9.739999999999998,Moderate (5-15),Low (0-5),High (10-15%)
628451,Andy Ibáñez,44,42,21.13,22.55,4.55,7.14,2.27,4.76,0.0,0.0,0.0,0.0,3,3,13.636363636363635,11.904761904761903,40.0,36.0,36.0,34.666666666666664,0.6018694519962526,0.6861564250262502,Low-Vol,Low-Vol,16.15909090909091,11.642857142857142,9.38812506188482,11.198478617426018,0.0,0.0,0.0,0.0,1.4200000000000017,Low (0-5),Low (0-5),High (10-15%)
657136,Connor Wong,23,32,17.62,20.51,4.35,6.25,4.35,3.12,0.0,0.0,0.0,0.0,3,3,13.043478260869565,12.5,17.0,33.0,15.333333333333334,30.333333333333332,0.2794184360467492,0.5898500592383188,Low-Vol,Low-Vol,7.782608695652174,12.6875,4.358445529180105,9.626701776661319,0.0,0.0,0.0,0.0,2.8900000000000006,Low (0-5),Low (0-5),High (10-15%)
681715,Heriberto Hernández,16,70,29.58,44.54,6.25,5.71,6.25,2.86,0.0,0.0,0.0,0.0,3,3,12.5,11.428571428571429,52.0,70.0,45.333333333333336,70.0,1.0044215255627844,1.0165138901397337,Normal,Normal,22.5625,35.98571428571429,15.667242897204344,16.590107806118485,0.0,7.142857142857142,0.0,60.0,14.96,Moderate (5-15),Low (0-5),High (10-15%)
683766,Christian Koss,27,33,21.8,49.42,7.41,9.09,3.7,0.0,0.0,0.0,0.0,0.0,3,2,11.11111111111111,15.151515151515152,41.0,66.0,39.0,57.0,0.6804976794585844,0.9636708280717116,Low-Vol,Low-Vol,12.851851851851851,25.21212121212121,10.61458975512081,15.727677784239113,0.0,11.11111111111111,0.0,66.0,27.62,Low (0-5),No Tears,High (10-15%)
673548,Seiya Suzuki,73,78,60.14,55.39,5.48,5.13,2.74,1.28,1.37,1.28,0.0,0.0,4,4,10.95890410958904,10.256410256410255,113.0,98.0,110.33333333333333,90.0,1.8133509119158826,1.2635205708957067,Gamma,Normal,53.24657534246575,39.65384615384615,28.285145700093093,20.62140290431904,21.428571428571427,21.428571428571427,98.33333333333333,81.33333333333333,-4.75,Low (0-5),Low (0-5),High (10-15%)
677649,Ezequiel Duran,23,53,17.82,20.38,13.04,5.66,0.0,1.89,0.0,0.0,0.0,0.0,2,3,13.043478260869565,11.320754716981133,23.0,40.0,20.666666666666668,40.0,0.5099229757547094,0.7659027308179841,Low-Vol,Low-Vol,8.08695652173913,18.9811320754717,7.953918665311291,12.499985486203474,0.0,0.0,0.0,0.0,2.5599999999999987,No Tears,Low (0-5),High (10-15%)
624413,Pete Alonso,78,84,67.33,63.38,5.13,4.76,2.56,2.38,0.0,2.38,0.0,0.0,3,4,10.256410256410255,13.095238095238097,134.0,99.0,133.33333333333334,98.0,1.9562616148511427,1.6235597985256347,Gamma,Gamma,59.61538461538461,48.79761904761905,30.514306105872326,26.497456009693778,53.84615384615385,35.714285714285715,77.71428571428571,74.0,-3.9499999999999957,Low (0-5),Low (0-5),High (10-15%)
696100,Hunter Goodman,73,70,60.35,48.33,6.85,4.29,1.37,1.43,0.0,1.43,0.0,0.0,3,4,12.32876712328767,10.0,104.0,85.0,92.33333333333333,82.0,1.4438998424450566,0.9460474018750179,High-IV,Low-Vol,49.342465753424655,41.84285714285714,22.522346420390146,15.440053047034459,38.46153846153847,7.142857142857142,68.0,85.0,-12.020000000000003,Low (0-5),Low (0-5),High (10-15%)
669477,Casey Schmitt,31,63,30.0,22.11,9.68,1.59,0.0,1.59,0.0,0.0,0.0,0.0,2,3,12.903225806451612,11.11111111111111,78.0,59.0,74.0,59.0,1.561647607095761,0.9015082204201105,High-IV,Low-Vol,25.806451612903224,28.555555555555557,24.359008401874256,14.71314726728991,0.0,0.0,0.0,0.0,-7.890000000000001,No Tears,Low (0-5),High (10-15%)
624424,Michael Conforto,68,69,22.15,23.84,5.88,5.8,2.94,1.45,1.47,0.0,0.0,0.0,4,3,10.294117647058822,14.492753623188406,59.0,49.0,55.666666666666664,47.666666666666664,0.8859173359699443,0.7822701807289505,Low-Vol,Low-Vol,25.235294117647058,25.36231884057971,13.818781991662624,12.767111947699096,0.0,0.0,0.0,0.0,1.6900000000000013,Low (0-5),Low (0-5),High (10-15%)
624428,Adam Frazier,68,66,21.18,20.76,2.94,3.03,1.47,0.0,0.0,0.0,0.0,0.0,3,2,11.76470588235294,12.121212121212121,54.0,56.0,52.666666666666664,50.0,0.7584747853165378,0.7979897754929423,Low-Vol,Low-Vol,26.0,27.87878787878788,11.830898074691174,13.02366503008469,0.0,0.0,0.0,0.0,-0.41999999999999815,Low (0-5),No Tears,High (10-15%)
624431,Jose Trevino,45,44,20.36,18.09,2.22,6.82,0.0,4.55,0.0,0.0,0.0,0.0,2,3,11.11111111111111,11.363636363636363,53.0,27.0,49.333333333333336,26.0,0.824813127443022,0.4388554028751974,Low-Vol,Low-Vol,24.555555555555557,10.340909090909092,12.865661760098178,7.16237969359795,0.0,0.0,0.0,0.0,-2.2699999999999996,No Tears,Low (0-5),High (10-15%)
608070,José Ramírez,74,84,67.5,71.74,4.05,8.33,2.7,1.19,0.0,0.0,0.0,0.0,3,3,12.162162162162163,13.095238095238097,102.0,146.0,98.66666666666667,144.66666666666666,1.5778416309219985,1.9556804284120832,High-IV,Gamma,57.45945945945946,61.595238095238095,24.611607234447682,31.917861090134682,46.15384615384615,57.14285714285714,79.66666666666667,83.25,4.239999999999995,Low (0-5),Low (0-5),High (10-15%)
702284,Cole Young,17,57,19.67,45.13,0.0,7.02,0.0,3.51,0.0,1.75,0.0,1.75,0,6,11.76470588235294,12.280701754385964,38.0,59.0,33.0,59.0,0.7092869516256833,0.9206238199920781,Low-Vol,Low-Vol,18.176470588235293,23.50877192982456,11.063652731566817,15.02512515638097,0.0,7.6923076923076925,0.0,59.0,25.46,No Tears,Low (0-5),High (10-15%)
573262,Mike Yastrzemski,70,74,43.91,48.25,5.71,8.11,0.0,0.0,0.0,0.0,0.0,0.0,2,2,10.0,10.81081081081081,74.0,73.0,70.66666666666667,73.0,1.1137265773390013,1.125878736298847,Normal,Normal,37.05714285714286,33.054054054054056,17.372213123833006,18.37500676871883,7.6923076923076925,14.285714285714285,66.0,70.5,4.340000000000003,No Tears,No Tears,Medium (5-10%)
681807,David Fry,15,51,22.64,18.98,6.67,7.84,0.0,1.96,0.0,0.0,0.0,0.0,2,3,13.333333333333334,11.76470588235294,33.0,34.0,32.0,33.666666666666664,0.7967598356660704,0.6328989094539249,Low-Vol,Low-Vol,16.8,15.529411764705882,12.4280788079712,10.32928446926789,0.0,0.0,0.0,0.0,-3.66,No Tears,Low (0-5),High (10-15%)
667472,Dane Myers,48,54,50.88,23.8,4.17,9.26,2.08,1.85,2.08,1.85,0.0,0.0,4,4,12.5,12.962962962962962,95.0,52.0,85.0,49.0,1.4838235024713375,0.843383441907193,High-IV,Low-Vol,32.416666666666664,19.48148148148148,23.145086637578025,13.764516509668386,9.090909090909092,0.0,60.0,0.0,-27.080000000000002,Low (0-5),Low (0-5),High (10-15%)
700242,Trey Sweeney,66,42,55.19,20.49,4.55,4.76,4.55,0.0,1.52,0.0,0.0,0.0,4,2,12.121212121212121,11.904761904761903,90.0,47.0,90.0,41.0,1.5038627350202618,0.7469946079161403,High-IV,Low-Vol,31.12121212121212,10.833333333333334,23.45766409218967,12.191393739060887,7.6923076923076925,0.0,71.0,0.0,-34.7,Low (0-5),No Tears,High (10-15%)
700250,Ben Rice,64,72,44.53,48.65,1.56,2.78,0.0,1.39,0.0,0.0,0.0,0.0,2,3,10.9375,11.11111111111111,73.0,98.0,69.0,90.0,1.080061045578316,1.2418715546474608,Normal,Normal,38.28125,39.77777777777778,16.84708891060722,20.26807815692632,7.6923076923076925,14.285714285714285,66.0,63.5,4.119999999999997,No Tears,Low (0-5),High (10-15%)
690022,Ryan Ritter,15,44,20.63,20.09,0.0,4.55,0.0,0.0,0.0,0.0,0.0,0.0,0,2,13.333333333333334,11.363636363636363,40.0,52.0,38.666666666666664,50.333333333333336,0.6181878000156412,0.7519652656080988,Low-Vol,Low-Vol,27.866666666666667,22.613636363636363,9.642663137378198,12.272517812009433,0.0,0.0,0.0,0.0,-0.5399999999999991,No Tears,No Tears,High (10-15%)
702332,Caleb Durbin,56,78,24.15,45.5,7.14,5.13,3.57,1.28,0.0,0.0,0.0,0.0,3,3,10.714285714285714,10.256410256410255,68.0,82.0,62.666666666666664,79.33333333333333,0.9952119295376438,1.0484806326557816,Low-Vol,Normal,33.5,40.12820512820513,15.523589088281684,17.111823947625187,0.0,14.285714285714285,0.0,63.0,21.35,Low (0-5),Low (0-5),High (10-15%)
661388,William Contreras,73,77,52.03,59.89,8.22,9.09,0.0,1.3,0.0,0.0,0.0,0.0,2,3,10.95890410958904,10.38961038961039,100.0,106.0,94.0,101.66666666666667,1.3026904625277804,1.5155667062404177,Normal,High-IV,42.465753424657535,49.15584415584416,20.319723718444394,24.734944881506863,7.6923076923076925,28.57142857142857,91.0,81.0,7.859999999999999,No Tears,Low (0-5),High (10-15%)
665487,Fernando Tatis Jr.,75,80,62.37,52.23,9.33,5.0,0.0,1.25,0.0,1.25,0.0,0.0,2,4,10.666666666666668,10.0,116.0,95.0,108.0,87.66666666666667,1.536499493653754,1.1580700748026387,High-IV,Normal,55.973333333333336,52.375,23.966741219545987,18.90038844956113,38.46153846153847,28.57142857142857,81.8,68.75,-10.14,No Tears,Low (0-5),High (10-15%)
665489,Vladimir Guerrero Jr.,76,80,46.68,63.22,5.26,5.0,0.0,2.5,0.0,1.25,0.0,0.0,2,4,11.842105263157894,10.0,74.0,111.0,73.0,107.66666666666667,0.8734182716459156,1.7664862552869194,Low-Vol,Gamma,47.78947368421053,52.3,13.623818152508921,28.830100304097172,15.384615384615385,35.714285714285715,70.0,87.2,16.54,No Tears,Low (0-5),High (10-15%)
620443,Luis Torrens,45,43,23.72,26.66,4.44,9.3,0.0,2.33,0.0,0.0,0.0,0.0,2,3,17.77777777777778,11.627906976744185,38.0,67.0,34.333333333333336,64.33333333333333,0.6451086500913635,1.1406201998614525,Low-Vol,Normal,17.288888888888888,18.46511627906977,10.062581952737357,18.6155961714765,0.0,0.0,0.0,0.0,2.9400000000000013,No Tears,Low (0-5),Elite (15%+)
663457,Lars Nootbaar,72,60,60.71,21.3,5.56,6.67,1.39,3.33,0.0,1.67,0.0,1.67,3,5,18.055555555555554,10.0,81.0,60.0,78.33333333333333,58.666666666666664,1.1391127862220574,0.8012523914085072,Normal,Low-Vol,44.84722222222222,30.333333333333332,17.768194184261947,13.076912851186023,30.76923076923077,0.0,68.0,0.0,-39.41,Low (0-5),Low (0-5),Elite (15%+)
606115,Orlando Arcia,26,39,22.06,17.9,11.54,2.56,0.0,2.56,0.0,2.56,0.0,0.0,2,4,15.384615384615385,10.256410256410255,37.0,32.0,30.666666666666668,30.666666666666668,0.6760266411501541,0.6096058744517395,Low-Vol,Low-Vol,15.076923076923077,11.58974358974359,10.544849271272025,9.94912836361465,0.0,0.0,0.0,0.0,-4.16,No Tears,Low (0-5),Elite (15%+)
679845,Nick Loftin,17,48,18.63,20.84,11.76,2.08,0.0,0.0,0.0,0.0,0.0,0.0,2,2,11.76470588235294,10.416666666666668,32.0,52.0,31.666666666666668,52.0,0.6472890429602154,0.899446300669859,Low-Vol,Low-Vol,20.764705882352942,18.291666666666668,10.096592319717987,14.679495517642364,0.0,0.0,0.0,0.0,2.210000000000001,No Tears,No Tears,High (10-15%)
595879,Javier Báez,64,59,57.3,19.42,4.69,8.47,1.56,0.0,1.56,0.0,1.56,0.0,6,2,10.9375,11.864406779661017,83.0,50.0,82.33333333333333,44.333333333333336,1.564615518181659,0.724127998108498,High-IV,Low-Vol,36.515625,19.949152542372882,24.405302694356703,11.81819714475062,23.076923076923077,0.0,74.66666666666667,0.0,-37.879999999999995,Low (0-5),No Tears,High (10-15%)
677800,Wilyer Abreu,66,46,51.21,56.78,6.06,6.52,0.0,2.17,0.0,0.0,0.0,0.0,2,3,10.606060606060606,13.043478260869565,80.0,102.0,78.66666666666667,98.66666666666667,1.22131294759176,1.5275240316957226,Normal,High-IV,42.22727272727273,35.84782608695652,19.050374883890953,24.930095503943598,25.0,10.0,67.33333333333333,76.0,5.57,No Tears,Low (0-5),High (10-15%)
694192,Jackson Chourio,77,54,60.37,53.03,6.49,11.11,1.3,0.0,0.0,0.0,0.0,0.0,3,2,10.38961038961039,11.11111111111111,100.0,83.0,99.66666666666667,81.33333333333333,1.5436351011860932,1.22418255083267,High-IV,Normal,51.532467532467535,46.351851851851855,24.078044386177787,19.97938315421477,38.46153846153847,27.27272727272727,72.8,69.0,-7.339999999999996,Low (0-5),No Tears,High (10-15%)
700337,Edgar Quero,50,61,17.74,22.44,4.0,8.2,0.0,1.64,0.0,0.0,0.0,0.0,2,3,10.0,13.114754098360656,47.0,54.0,46.333333333333336,50.666666666666664,0.7188418873845073,0.735377679044597,Low-Vol,Low-Vol,24.7,26.081967213114755,11.21269324452954,12.001798590165855,0.0,0.0,0.0,0.0,4.700000000000003,No Tears,Low (0-5),Medium (5-10%)
810938,Ben Williamson,55,27,20.49,17.87,1.82,0.0,1.82,0.0,0.0,0.0,0.0,0.0,3,0,10.909090909090908,11.11111111111111,52.0,41.0,50.666666666666664,39.0,0.7398631451248534,0.6502815355475744,Low-Vol,Low-Vol,27.0,25.59259259259259,11.540588597865586,10.612979206392879,0.0,0.0,0.0,0.0,-2.6199999999999974,Low (0-5),No Tears,High (10-15%)
624585,Jorge Soler,66,15,44.15,18.38,6.06,0.0,1.52,0.0,0.0,0.0,0.0,0.0,3,0,10.606060606060606,13.333333333333334,75.0,38.0,72.0,37.0,1.0236545583866954,0.42606223519340486,Normal,Low-Vol,33.03030303030303,28.733333333333334,15.96724502702059,6.95358763174672,8.333333333333332,0.0,63.0,0.0,-25.77,Low (0-5),No Tears,High (10-15%)
593871,Jorge Polanco,62,75,55.94,56.21,4.84,5.33,1.61,0.0,1.61,0.0,0.0,0.0,4,2,11.29032258064516,12.0,108.0,88.0,105.66666666666667,82.0,1.5975033346763745,1.3054041120877462,High-IV,Normal,35.88709677419355,44.48,24.918295891204696,21.30496706455144,7.6923076923076925,35.714285714285715,105.0,66.2,0.2700000000000031,Low (0-5),No Tears,High (10-15%)
665561,Rafael Marchán,18,21,15.86,24.79,5.56,9.52,0.0,0.0,0.0,0.0,0.0,0.0,2,2,11.11111111111111,19.047619047619047,24.0,35.0,20.0,25.666666666666668,0.46675410541920115,0.5291828965286607,Low-Vol,Low-Vol,7.222222222222222,8.761904761904763,7.2805587661739555,8.636577805501215,0.0,0.0,0.0,0.0,8.93,No Tears,No Tears,High (10-15%)
696285,Jacob Young,46,60,22.24,43.94,4.35,5.0,2.17,0.0,0.0,0.0,0.0,0.0,3,2,10.869565217391305,11.666666666666666,54.0,67.0,53.333333333333336,62.0,0.8447153388388374,0.9012119970706861,Low-Vol,Low-Vol,21.347826086956523,23.266666666666666,13.176101921120251,14.708312727054594,0.0,7.142857142857142,0.0,67.0,21.7,Low (0-5),No Tears,High (10-15%)
606192,Teoscar Hernández,63,71,65.23,50.37,4.76,8.45,3.17,1.41,0.0,0.0,0.0,0.0,3,3,11.11111111111111,11.267605633802818,118.0,84.0,112.66666666666667,84.0,1.8796935702269484,1.139632373280108,Gamma,Normal,47.87301587301587,34.2112676056338,29.31997671053297,18.59947425751426,41.66666666666667,14.285714285714285,77.8,72.0,-14.860000000000007,Low (0-5),Low (0-5),High (10-15%)
663538,Nico Hoerner,73,83,49.29,51.87,8.22,3.61,1.37,1.2,1.37,1.2,0.0,0.0,4,4,10.95890410958904,12.048192771084338,90.0,79.0,83.0,79.0,1.131965764176941,1.0290417838105925,Normal,Normal,41.178082191780824,47.48192771084337,17.65671297092398,16.794570439240566,15.384615384615385,21.428571428571427,69.0,72.33333333333333,2.5799999999999983,Low (0-5),Low (0-5),High (10-15%)
671732,Lawrence Butler,74,75,59.49,46.18,6.76,6.67,1.35,1.33,0.0,0.0,0.0,0.0,3,3,12.162162162162163,10.666666666666668,102.0,90.0,102.0,78.0,1.452403370759364,1.220870533623715,High-IV,Normal,50.891891891891895,37.18666666666667,22.654986791183536,19.925329074791684,30.76923076923077,7.142857142857142,73.0,65.0,-13.310000000000002,Low (0-5),Low (0-5),High (10-15%)
602104,Ramón Urías,54,56,20.05,23.28,1.85,3.57,0.0,0.0,0.0,0.0,0.0,0.0,2,2,11.11111111111111,12.5,52.0,54.0,50.666666666666664,52.0,0.8149119407899394,0.9853069669876008,Low-Vol,Low-Vol,29.48148148148148,24.089285714285715,12.711220330562421,16.080792365952714,0.0,0.0,0.0,0.0,3.2300000000000004,No Tears,No Tears,High (10-15%)
671739,Michael Harris II,76,83,44.48,61.04,6.58,6.02,2.63,1.2,0.0,0.0,0.0,0.0,3,3,11.842105263157894,10.843373493975903,69.0,118.0,63.0,113.66666666666667,0.9202641789999985,2.045226512551644,Low-Vol,Nuclear,35.973684210526315,46.45783132530121,14.35453348524247,33.37930613668181,7.6923076923076925,28.57142857142857,62.0,84.0,16.560000000000002,Low (0-5),Low (0-5),High (10-15%)
